file,annotations,avg_confidence,sast_risks,ml_signals,best_practices,high_severity,medium_severity,low_severity
setup,9,0.8333,0,0,0,0,0,1
setup,16,0.7188,0,0,0,0,0,4
setup,22,0.6818,0,0,0,0,2,5
test_unittest,9,0.8333,0,0,0,0,1,0
setup,3,0.6667,0,0,0,0,0,1
finta,578,0.737,0,0,0,0,0,66
utils,19,0.7105,0,0,0,0,0,3
__init__,1,1.0,0,0,0,0,0,0
test_reg,119,0.7101,0,0,0,0,1,20
test_unit,530,0.6679,0,0,0,0,2,204
test_utils_unit,38,0.6711,0,0,0,0,5,7
conf,15,0.9333,0,0,0,0,0,3
run_all_model,101,0.698,0,0,0,3,5,26
workflow_by_code,15,0.9667,0,0,0,0,0,1
config,127,0.7953,0,0,0,2,5,24
constant,5,1.0,0,0,0,0,0,0
log,78,0.6474,0,0,0,0,2,9
typehint,12,0.7083,0,0,0,0,0,1
__init__,46,0.837,0,0,0,0,5,18
check_data_health,44,0.6591,0,0,0,0,0,10
check_dump_bin,42,0.7262,0,0,0,0,0,3
collect_info,16,0.75,0,0,0,0,1,4
dump_bin,159,0.7138,0,0,0,0,1,24
dump_pit,74,0.6351,0,0,0,0,1,5
get_data,4,0.75,0,0,0,0,0,1
conftest,6,0.6667,0,0,0,0,0,0
test_all_pipeline,53,0.7075,0,0,0,0,2,3
test_contrib_model,8,0.6875,0,0,0,0,0,0
test_contrib_workflow,44,0.6932,0,0,0,0,1,1
test_dump_data,40,0.7125,0,0,0,1,0,3
test_get_data,27,0.6111,0,0,0,2,0,2
test_pit,62,0.6452,0,0,0,1,0,6
test_register_ops,38,0.5921,0,0,0,0,0,3
test_structured_cov_estimator,41,0.8293,0,0,0,0,0,1
test_workflow,12,0.625,0,0,0,0,1,1
data_cache_demo,7,0.5,0,0,0,0,2,3
data_mem_resuse_demo,11,0.6818,0,0,0,0,0,1
highfreq_handler,35,0.8286,0,0,0,0,0,2
highfreq_ops,42,0.7738,0,0,0,0,0,1
highfreq_processor,23,0.6304,0,0,0,0,0,1
workflow,50,0.86,0,0,0,0,0,7
feature,8,0.75,0,0,0,0,0,1
task_manager_rolling,47,0.6383,0,0,0,0,0,5
workflow,60,0.6417,0,0,0,0,1,9
online_management_simulate,25,0.76,0,0,0,0,1,3
rolling_online_management,59,0.7119,0,0,0,0,4,6
update_online_pred,19,0.8158,0,0,0,0,0,3
create_dataset,96,0.7188,0,0,0,13,5,15
example,130,0.7192,0,0,0,0,0,30
prepare_riskdata,15,0.6333,0,0,0,0,0,6
rolling_handler,10,0.8,0,0,0,0,0,1
workflow,32,0.625,0,0,0,0,3,1
features_resample_N,10,0.65,0,0,0,0,0,1
features_sample,10,0.7,0,0,0,0,0,1
multi_freq_handler,16,0.6562,0,0,0,0,0,2
tft,77,0.6753,0,0,0,0,4,10
example,13,0.8077,0,0,0,0,0,2
base,54,0.713,0,0,0,0,0,5
qlib_Alpha158,49,0.6939,0,0,0,0,0,4
configs,14,0.8214,0,0,0,0,1,3
hyperparam_opt,112,0.7098,0,0,0,1,1,23
tft_model,3,0.5,0,0,0,0,0,0
utils,52,0.7692,0,0,0,0,2,10
dataset,79,0.7468,0,0,0,0,1,13
model,144,0.7569,0,0,0,0,2,26
rolling_benchmark,14,0.8929,0,0,0,0,0,1
vis_data,26,0.6731,0,0,0,0,2,1
workflow,16,0.8438,0,0,0,0,0,3
hyperparameter_158,22,0.7273,0,0,0,0,4,2
hyperparameter_360,13,0.5769,0,0,0,0,0,2
gen_pickle_data,9,0.7222,0,0,0,0,1,1
gen_training_orders,21,0.6905,0,0,0,0,13,1
merge_orders,8,0.6875,0,0,0,0,3,0
account,117,0.735,0,0,0,0,0,14
backtest,23,0.8696,0,0,0,0,0,2
decision,126,0.6746,0,0,0,0,0,27
exchange,149,0.7215,0,0,0,0,1,36
executor,83,0.7651,0,0,0,0,0,12
high_performance_ds,220,0.8023,0,0,0,0,0,44
position,196,0.676,0,0,0,0,2,40
profit_attribution,47,0.6489,0,0,0,0,2,12
report,190,0.6974,0,0,0,0,0,24
signal,31,0.7581,0,0,0,0,0,3
utils,98,0.7806,0,0,0,0,0,15
__init__,33,0.697,0,0,0,0,0,6
evaluate,53,0.783,0,0,0,0,5,12
evaluate_portfolio,63,0.7063,0,0,0,0,3,14
torch,10,0.6,0,0,0,0,0,1
base,104,0.7644,0,0,0,0,0,7
cache,291,0.6907,0,0,0,1,18,48
client,31,0.6452,0,0,0,0,2,3
data,258,0.7074,0,0,0,1,8,49
filter,96,0.6927,0,0,0,0,0,13
inst_processor,10,0.6,0,0,0,0,1,1
ops,8,0.875,0,0,0,0,0,6
pit,36,0.5972,0,0,0,0,1,1
__init__,3,0.8333,0,0,0,0,0,0
base,15,0.7333,0,0,0,0,0,3
trainer,123,0.7764,0,0,0,0,2,14
utils,24,0.625,0,0,0,0,1,0
__init__,3,0.5,0,0,0,0,0,0
aux_info,12,0.6667,0,0,0,0,0,1
interpreter,46,0.7609,0,0,0,0,0,9
reward,24,0.8125,0,0,0,0,0,2
seed,1,1.0,0,0,0,0,0,0
simulator,12,0.7083,0,0,0,0,0,1
__init__,4,1.0,0,0,0,0,0,0
get_data,4,0.625,0,0,0,0,0,1
base,52,0.7404,0,0,0,0,0,5
config,31,0.6129,0,0,0,0,0,3
data,52,0.6442,0,0,0,1,7,10
__init__,92,0.7772,0,0,0,0,0,16
data,28,0.7143,0,0,0,0,0,1
exceptions,4,1.0,0,0,0,0,0,0
file,44,0.6818,0,0,0,0,1,11
index_data,187,0.7086,0,0,0,0,1,35
mod,53,0.6698,0,0,0,0,7,7
objm,36,0.75,0,0,0,1,4,7
paral,100,0.77,0,0,0,0,4,5
resam,27,0.7593,0,0,0,0,0,4
serial,63,0.746,0,0,0,0,11,6
time,79,0.6709,0,0,0,0,3,16
__init__,224,0.6942,0,0,0,0,6,45
cli,43,0.6163,0,0,0,0,1,8
exp,99,0.7121,0,0,0,0,0,14
expm,103,0.7039,0,0,0,0,0,23
recorder,154,0.737,0,0,0,1,2,27
record_temp,193,0.715,0,0,0,0,0,27
utils,12,0.6667,0,0,0,0,0,5
__init__,80,0.7125,0,0,0,0,2,10
data,13,0.7308,0,0,0,0,1,2
dataset,104,0.75,0,0,0,0,1,30
handler,28,0.6607,0,0,0,0,0,3
highfreq_handler,123,0.6545,0,0,0,0,3,16
highfreq_processor,34,0.7941,0,0,0,0,4,7
highfreq_provider,102,0.652,0,0,0,0,5,24
loader,23,0.8696,0,0,0,0,0,2
processor,41,0.5976,0,0,0,0,0,5
alpha,50,0.65,0,0,0,0,2,2
__init__,1,1.0,0,0,0,0,0,0
catboost_model,23,0.6522,0,0,0,0,0,6
double_ensemble,111,0.6577,0,0,0,0,0,15
gbdt,25,0.72,0,0,0,0,0,4
highfreq_gdbt_model,50,0.68,0,0,0,0,0,17
linear,43,0.7093,0,0,0,0,1,7
pytorch_adarnn,253,0.6542,0,0,0,0,0,33
pytorch_add,179,0.662,0,0,0,0,1,18
pytorch_alstm,83,0.7048,0,0,0,0,0,14
pytorch_alstm_ts,92,0.663,0,0,0,0,0,14
pytorch_gats,97,0.6804,0,0,0,0,0,16
pytorch_gats_ts,116,0.7414,0,0,0,0,2,18
pytorch_general_nn,66,0.7348,0,0,0,0,0,14
pytorch_gru,83,0.7952,0,0,0,0,0,11
pytorch_gru_ts,81,0.6852,0,0,0,0,0,13
pytorch_hist,125,0.712,0,0,0,0,3,19
pytorch_igmtf,118,0.7881,0,0,0,0,0,21
pytorch_krnn,122,0.6598,0,0,0,0,0,16
pytorch_localformer,97,0.732,0,0,0,0,0,16
pytorch_localformer_ts,114,0.6579,0,0,0,0,0,14
pytorch_lstm,72,0.6875,0,0,0,0,0,13
pytorch_lstm_ts,88,0.6477,0,0,0,0,0,13
pytorch_nn,94,0.6862,0,0,0,0,1,12
pytorch_sandwich,67,0.7687,0,0,0,0,0,16
pytorch_sfm,112,0.7768,0,0,0,0,0,16
pytorch_tabnet,258,0.7306,0,0,0,0,0,28
pytorch_tcn,66,0.6818,0,0,0,0,0,12
pytorch_tcn_ts,71,0.6831,0,0,0,0,0,12
pytorch_tcts,105,0.8429,0,0,0,0,0,13
pytorch_tra,254,0.6476,0,0,0,1,3,50
pytorch_transformer,79,0.7595,0,0,0,0,0,12
pytorch_transformer_ts,99,0.702,0,0,0,0,0,9
pytorch_utils,11,0.5909,0,0,0,0,0,2
tcn,38,0.6316,0,0,0,0,0,2
xgboost,22,0.7273,0,0,0,0,1,4
__init__,12,0.75,0,0,0,0,0,5
manager,40,0.675,0,0,0,1,1,4
online_model,19,0.6053,0,0,0,0,0,2
operator,96,0.6198,0,0,0,0,2,13
user,28,0.7321,0,0,0,0,0,2
utils,19,0.6842,0,0,0,0,3,5
__init__,4,0.625,0,0,0,0,0,1
high_freq,80,0.6937,0,0,0,0,0,11
graph,89,0.6573,0,0,0,0,5,7
utils,12,0.8333,0,0,0,0,0,2
__init__,1,0.5,0,0,0,0,0,0
base,75,0.8333,0,0,0,0,1,6
ddgda,78,0.6987,0,0,0,0,4,13
__init__,1,0.5,0,0,0,0,0,0
__main__,5,0.6,0,0,0,0,0,1
cost_control,18,0.6389,0,0,0,0,0,3
order_generator,18,0.7778,0,0,0,0,0,4
rule_strategy,109,0.7294,0,0,0,0,0,16
signal_strategy,78,0.7115,0,0,0,0,0,13
__init__,6,0.5,0,0,0,0,0,0
config,35,0.6714,0,0,0,0,3,15
launcher,10,0.65,0,0,0,0,3,0
pipeline,33,0.7576,0,0,0,0,0,5
space,5,1.0,0,0,0,0,0,0
tuner,70,0.7643,0,0,0,0,6,15
record_temp,40,0.7375,0,0,0,0,0,4
__init__,2,1.0,0,0,0,0,0,0
sepdf,78,0.7051,0,0,0,0,3,6
dataset,66,0.7197,0,0,0,0,0,15
model,47,0.7447,0,0,0,0,0,13
net,36,0.7778,0,0,0,0,2,2
utils,25,0.62,0,0,0,0,0,8
__init__,3,0.5,0,0,0,0,0,0
analysis_model_performance,69,0.6884,0,0,0,0,1,8
__init__,2,1.0,0,0,0,0,0,0
cumulative_return,23,0.6739,0,0,0,0,0,1
parse_position,33,0.7121,0,0,0,0,0,6
rank_label,16,0.6562,0,0,0,0,0,2
report,31,0.6452,0,0,0,0,1,7
risk_analysis,40,0.6875,0,0,0,0,0,6
score_ic,13,0.5385,0,0,0,0,0,0
__init__,6,1.0,0,0,0,0,0,0
ana,121,0.7479,0,0,0,0,0,10
base,16,0.6875,0,0,0,0,0,1
__init__,1,0.5,0,0,0,0,0,0
base,3,1.0,0,0,0,0,0,0
enhanced_indexing,30,0.6833,0,0,0,0,0,10
optimizer,68,0.6912,0,0,0,0,1,21
__init__,2,0.75,0,0,0,0,0,0
handler,118,0.6695,0,0,0,0,1,13
loader,90,0.6778,0,0,0,1,1,9
processor,157,0.742,0,0,0,0,2,22
storage,32,0.7812,0,0,0,0,0,4
utils,25,0.68,0,0,0,0,0,8
weight,4,0.75,0,0,0,0,0,2
__init__,135,0.7407,0,0,0,0,1,16
file_storage,187,0.6925,0,0,0,0,5,31
storage,108,0.662,0,0,0,1,2,17
__init__,2,0.5,0,0,0,0,0,0
ensemble,31,0.7097,0,0,0,0,0,6
group,23,0.6739,0,0,0,0,1,3
base,10,0.7,0,0,0,0,0,1
dataset,13,0.7308,0,0,0,0,0,1
model,14,0.6786,0,0,0,0,0,2
task,16,0.7188,0,0,0,0,1,0
__init__,1,0.5,0,0,0,0,0,0
base,20,0.75,0,0,0,0,0,4
poet,9,0.8333,0,0,0,0,1,4
shrink,74,0.7432,0,0,0,0,0,8
structured,20,0.75,0,0,0,0,0,4
__init__,6,0.5,0,0,0,0,0,0
backtest,63,0.6508,0,0,0,0,0,15
naive_config_parser,45,0.7,0,0,0,0,4,6
train_onpolicy,51,0.6078,0,0,0,0,2,11
utils,10,0.6,0,0,0,0,1,1
base,19,0.7368,0,0,0,0,0,4
integration,8,0.5,0,0,0,0,0,0
native,78,0.7244,0,0,0,0,1,4
pickle_styled,88,0.6932,0,0,0,0,3,15
__init__,11,0.5,0,0,0,0,3,2
interpreter,106,0.6274,0,0,0,0,0,5
network,53,0.717,0,0,0,0,0,2
policy,64,0.6797,0,0,0,0,0,9
reward,25,0.72,0,0,0,0,0,4
simulator_qlib,43,0.6977,0,0,0,0,0,8
simulator_simple,96,0.8073,0,0,0,0,2,11
state,20,0.55,0,0,0,0,1,0
strategy,161,0.7391,0,0,0,0,1,30
utils,22,0.7273,0,0,0,0,0,3
__init__,2,0.75,0,0,0,0,0,0
single_order,9,0.7222,0,0,0,0,0,1
__init__,1,0.5,0,0,0,0,0,0
api,24,0.8333,0,0,0,0,0,0
callbacks,15,0.5,0,0,0,0,0,8
trainer,89,0.6966,0,0,0,0,3,4
vessel,110,0.6864,0,0,0,0,0,9
__init__,2,0.5,0,0,0,0,0,0
data_queue,59,0.6949,0,0,0,0,0,9
env_wrapper,53,0.6604,0,0,0,0,1,5
finite_env,107,0.7009,0,0,0,0,1,7
log,153,0.6895,0,0,0,0,0,27
__init__,2,0.5,0,0,0,0,0,0
manager,66,0.6894,0,0,0,0,0,8
strategy,41,0.7561,0,0,0,0,0,8
update,62,0.7823,0,0,0,0,3,4
utils,58,0.681,0,0,0,0,1,8
collect,43,0.7791,0,0,0,0,0,8
gen,58,0.7069,0,0,0,0,0,5
manage,128,0.707,0,0,0,0,15,19
utils,70,0.7214,0,0,0,0,2,13
__init__,1,0.5,0,0,0,0,0,0
base,116,0.7198,0,0,0,0,1,19
future_calendar_collector,47,0.8298,0,0,0,0,2,8
index,41,0.6585,0,0,0,0,0,13
utils,188,0.7553,0,0,0,0,18,39
collector,115,0.7043,0,0,0,0,1,16
collector,47,0.7553,0,0,0,0,1,6
collector,164,0.6494,0,0,0,0,3,28
collector,86,0.7267,0,0,0,0,2,14
collector,79,0.7595,0,0,0,0,3,11
collector,126,0.7183,0,0,0,0,2,23
collector,104,0.7163,0,0,0,0,2,15
collector,314,0.7436,0,0,0,0,2,34
fill_cn_1min_data,32,0.6094,0,0,0,0,0,4
future_trading_date_collector,33,0.5909,0,0,0,0,1,8
test_file_strategy,22,0.7727,0,0,0,0,0,2
test_high_freq_trading,17,0.5294,0,0,0,0,0,3
test_datalayer,18,0.75,0,0,0,0,0,0
test_dataloader,13,0.6923,0,0,0,0,0,1
test_dataset,29,0.6379,0,0,0,0,0,7
test_handler,24,0.5833,0,0,0,0,2,2
test_handler_storage,26,0.5769,0,0,0,0,0,2
test_processor,38,0.7632,0,0,0,0,0,4
test_mlflow,10,0.6,0,0,0,0,1,1
test_get_multi_proc,23,0.6739,0,0,0,0,0,4
test_index_data,67,0.6642,0,0,0,0,0,15
test_sepdf,17,0.5588,0,0,0,0,0,7
test_utils,60,0.6917,0,0,0,0,1,8
test_general_nn,4,0.75,0,0,0,0,0,1
test_elem_operator,46,0.7283,0,0,0,0,0,3
test_special_ops,23,0.7174,0,0,0,0,0,4
test_data_queue,46,0.75,0,0,0,0,0,8
test_finite_env,103,0.6699,0,0,0,0,6,10
test_logger,73,0.6918,0,0,0,0,0,12
test_qlib_simulator,69,0.6594,0,0,0,0,0,19
test_saoe_simple,179,0.6564,0,0,0,0,1,10
test_trainer,105,0.7048,0,0,0,0,1,9
test_update_pred,27,0.6852,0,0,0,0,0,3
test_storage,34,0.6618,0,0,0,0,0,5
bar_test,11,0.7727,0,0,0,0,0,2
billboard_test,26,0.6346,0,0,0,0,0,3
classifying_test,37,0.7027,0,0,0,0,0,8
dateu_test,9,0.6111,0,0,0,0,0,0
fund_test,13,0.5769,0,0,0,0,1,1
indictor_test,8,0.9375,0,0,0,0,0,0
macro_test,35,0.6429,0,0,0,0,0,11
nav_test,58,0.6983,0,0,0,0,0,9
news_test,24,0.7292,0,0,0,0,0,5
ref_test,40,0.625,0,0,0,0,0,10
shibor_test,22,0.6136,0,0,0,0,0,2
storing_test,40,0.725,0,0,0,2,6,5
trading_test,29,0.6207,0,0,0,0,0,7
__init__,22,0.5227,0,0,0,0,0,1
bonds,2,0.5,0,0,0,0,0,0
market,43,0.8721,0,0,0,0,7,7
__init__,1,1.0,0,0,0,0,0,0
cons,36,0.7222,0,0,0,0,0,19
nav,87,0.6264,0,0,0,0,16,19
cons,6,1.0,0,0,0,0,0,0
domestic,62,0.6532,0,0,0,0,5,9
domestic_cons,16,0.75,0,0,0,0,0,9
intlfutures,21,0.7619,0,0,0,0,4,4
boxoffice,51,0.7549,0,0,0,0,6,18
caixinnews,18,0.6389,0,0,0,0,4,9
indexes,28,0.8393,0,0,0,0,5,2
client,21,0.6429,0,0,0,0,5,2
data_pro,31,0.7097,0,0,0,0,1,16
billboard,80,0.7312,0,0,0,1,15,14
classifying,105,0.6952,0,0,0,0,18,28
cons,59,0.6186,0,0,0,0,7,11
fundamental,137,0.6788,0,0,0,0,31,42
globals,13,0.6154,0,0,0,0,2,2
indictor,114,0.7588,0,0,0,0,1,15
macro,140,0.6643,0,0,0,0,33,51
macro_vars,23,0.8913,0,0,0,0,0,1
newsevent,59,0.6441,0,0,0,1,9,13
news_vars,7,1.0,0,0,0,0,0,0
reference,308,0.6429,0,0,0,0,31,61
ref_vars,46,0.5,0,0,0,0,0,2
shibor,45,0.7,0,0,0,0,6,10
trading,329,0.7188,0,0,0,1,28,73
trendline,371,0.6941,0,0,0,1,3,52
trader,93,0.672,0,0,0,1,7,11
utils,14,0.5,0,0,0,0,0,10
vars,19,0.5,0,0,0,0,0,0
common,29,0.6724,0,0,0,0,4,7
conns,28,0.75,0,0,0,0,2,9
dateu,72,0.7292,0,0,0,1,3,20
formula,189,0.7646,0,0,0,1,0,39
mailmerge,83,0.6687,0,0,0,0,0,14
netbase,12,0.7083,0,0,0,0,2,1
store,8,0.625,0,0,0,0,0,4
upass,30,0.6667,0,0,0,1,1,11
vars,21,0.9524,0,0,0,0,0,0
conf,4,1.0,0,0,0,0,0,0
__init__,0,0.0,0,0,0,0,0,0
run,15,0.5333,0,0,0,0,1,0
run_client,10,0.55,0,0,0,0,0,0
run_server,35,0.6714,0,0,0,0,0,5
data_recorder,22,0.7045,0,0,0,0,1,2
run,41,0.7683,0,0,0,0,2,8
test_client,22,0.6136,0,0,0,0,2,3
test_server,14,0.6429,0,0,0,0,0,2
demo_script,10,1.0,0,0,0,0,0,2
run,11,0.8182,0,0,0,0,0,0
lab,117,0.7094,0,0,0,0,4,30
logger,4,0.75,0,0,0,0,0,0
__init__,1,0.5,0,0,0,0,0,0
axis,10,0.8,0,0,0,0,0,0
base,6,0.75,0,0,0,0,0,0
item,96,0.7917,0,0,0,0,0,4
manager,56,0.7589,0,0,0,0,0,4
widget,204,0.7549,0,0,0,0,0,11
__init__,1,0.5,0,0,0,0,0,0
engine,46,0.7283,0,0,0,0,0,8
__init__,2,0.75,0,0,0,0,0,0
client,55,0.7091,0,0,0,0,3,10
common,4,0.625,0,0,0,0,0,0
server,42,0.8095,0,0,0,0,3,3
__init__,1,1.0,0,0,0,0,0,0
app,8,0.9375,0,0,0,0,0,0
constant,46,0.587,0,0,0,0,0,8
converter,103,0.8641,0,0,0,0,0,6
database,40,0.8,0,0,0,0,3,4
datafeed,23,0.5652,0,0,0,0,2,5
engine,233,0.6888,0,0,0,2,1,15
event,8,1.0,0,0,0,0,0,0
gateway,66,0.7348,0,0,0,0,0,10
logger,12,0.7917,0,0,0,0,0,2
object,197,0.8503,0,0,0,0,0,1
optimize,57,0.6842,0,0,0,2,1,6
setting,4,1.0,0,0,0,0,0,1
utility,300,0.6983,0,0,0,0,0,17
cs_function,20,0.625,0,0,0,0,0,1
processor,35,0.7,0,0,0,0,0,5
ta_function,20,0.775,0,0,0,0,0,2
template,73,0.6712,0,0,0,0,0,6
ts_function,111,0.7027,0,0,0,0,0,19
utility,76,0.6842,0,0,0,1,0,3
__init__,4,0.75,0,0,0,0,0,0
template,18,0.6944,0,0,0,0,0,2
__init__,1,0.5,0,0,0,0,0,0
backtesting,183,0.7596,0,0,0,0,0,13
template,82,0.7683,0,0,0,0,4,7
__init__,3,0.5,0,0,0,0,0,0
alpha_158,43,1.0,0,0,0,0,0,0
lasso_model,32,0.7969,0,0,0,0,1,1
lgb_model,29,0.8793,0,0,0,0,1,2
mlp_model,98,0.6582,0,0,0,0,0,21
equity_demo_strategy,36,0.8611,0,0,0,0,0,3
build_hook,10,0.65,0,0,0,0,0,2
__init__,4,0.75,0,0,0,0,0,0
mainwindow,114,0.7368,0,0,0,0,2,10
qt,43,0.6744,0,0,0,0,1,11
widget,398,0.7475,0,0,0,0,3,33
__init__,3,0.8333,0,0,0,0,0,0
migration,15,0.5667,0,0,0,0,3,4
query_snippet,31,0.7581,0,0,0,0,1,3
report_utils,24,0.6458,0,0,0,0,0,9
tag_utils,128,0.6992,0,0,0,0,18,21
utils,34,0.7206,0,0,0,0,1,2
context,3,0.8333,0,0,0,0,0,1
test_generator,8,0.5,0,0,0,0,0,1
__init__,4,0.625,0,0,0,0,0,1
conf,13,0.5385,0,0,0,0,0,1
actor_runner,13,0.8846,0,0,0,0,0,3
finance_runner,9,0.7778,0,0,0,0,0,3
index_runner,16,0.8125,0,0,0,0,0,4
joinquant_fund_runner,11,0.9545,0,0,0,0,0,3
joinquant_kdata_runner,8,0.6875,0,0,0,0,0,2
kdata_runner,40,0.625,0,0,0,1,3,6
sina_data_runner,15,0.7333,0,0,0,0,2,5
trading_runner,13,0.7692,0,0,0,0,0,3
boll_factor,29,0.7069,0,0,0,0,0,3
fundamental_selector,9,0.5556,0,0,0,0,0,0
tech_factor,9,0.6667,0,0,0,0,0,1
intent,36,0.625,0,0,0,0,0,2
sgd,17,0.7647,0,0,0,1,0,0
report_bull,14,0.6429,0,0,0,0,0,3
report_core_compay,11,0.9091,0,0,0,0,0,3
report_tops,28,0.8929,0,0,0,0,0,6
report_vol_up,18,0.6667,0,0,0,0,0,4
__init__,30,0.7833,0,0,0,0,4,8
dragon_and_tiger,6,0.8333,0,0,0,0,0,0
top_dragon_tiger,22,0.7273,0,0,0,0,0,4
top_tags,12,0.5833,0,0,0,0,0,1
dragon_and_tiger_trader,12,0.7083,0,0,0,0,0,1
follow_ii_trader,16,0.9062,0,0,0,0,0,1
keep_run_trader,8,0.6875,0,0,0,0,0,1
macd_day_trader,22,0.6591,0,0,0,0,0,0
macd_week_and_day_trader,11,0.6818,0,0,0,0,0,0
ma_trader,14,0.8571,0,0,0,0,0,0
consts,9,0.6111,0,0,0,0,0,0
fill_project,9,0.8889,0,0,0,0,0,1
main,9,0.6111,0,0,0,0,1,4
plugin,19,0.7368,0,0,0,0,1,1
zvt_server,11,0.6818,0,0,0,1,1,2
__init__,67,0.6866,0,0,0,0,12,21
intent,49,0.7143,0,0,0,0,1,9
kdata,67,0.6493,0,0,0,0,0,10
portfolio,25,0.76,0,0,0,0,0,1
selector,136,0.7132,0,0,0,0,0,16
stats,111,0.6532,0,0,0,0,0,10
utils,45,0.7444,0,0,0,0,1,5
__init__,1,1.0,0,0,0,0,0,0
generator,8,0.625,0,0,0,0,0,3
__init__,6,0.6667,0,0,0,0,0,0
__init__,1,0.5,0,0,0,0,0,0
query_models,15,0.7,0,0,0,0,0,1
trading_models,16,0.75,0,0,0,0,0,0
__init__,0,0.0,0,0,0,0,0,0
api,131,0.7595,0,0,0,2,15,20
base_service,44,0.7273,0,0,0,0,3,4
context,3,0.6667,0,0,0,0,0,0
data_type,11,0.7727,0,0,0,0,1,2
drawer,151,0.6854,0,0,0,0,0,14
factor,197,0.731,0,0,0,0,4,13
model,10,0.7,0,0,0,0,0,1
normal_data,18,0.9167,0,0,0,0,0,0
reader,46,0.7283,0,0,0,0,2,5
recorder,130,0.7231,0,0,0,2,7,15
register,13,0.7692,0,0,0,0,1,3
schema,145,0.6931,0,0,0,1,0,19
utils,29,0.6207,0,0,0,0,0,0
zvt_info,13,0.5385,0,0,0,0,0,0
__init__,80,0.7875,0,0,0,0,0,4
__init__,33,0.7576,0,0,0,0,0,14
algorithm,121,0.6777,0,0,0,0,0,10
factor_models,15,0.7,0,0,0,0,0,1
factor_service,18,0.6667,0,0,0,0,1,1
shape,77,0.7403,0,0,0,0,0,19
target_selector,62,0.7581,0,0,0,0,0,7
technical_factor,24,0.6458,0,0,0,0,0,2
top_stocks,79,0.7152,0,0,0,0,1,17
transformers,43,0.7326,0,0,0,0,0,2
__init__,24,0.5,0,0,0,0,0,0
informer,61,0.6393,0,0,0,0,6,16
inform_utils,25,0.78,0,0,0,0,7,1
__init__,4,0.625,0,0,0,0,0,1
constants,3,0.6667,0,0,0,0,0,0
misc_models,5,0.7,0,0,0,0,0,0
misc_service,11,0.9091,0,0,0,0,0,1
zhdate,67,0.8134,0,0,0,0,0,17
__init__,1,0.5,0,0,0,0,0,0
lables,6,0.8333,0,0,0,0,0,0
ml,99,0.6919,0,0,0,0,0,15
__init__,6,0.8333,0,0,0,0,2,0
consts,5,0.6,0,0,0,0,0,4
__init__,37,0.8108,0,0,0,0,0,0
data,8,0.75,0,0,0,0,1,0
factor,9,0.7222,0,0,0,0,0,1
misc,6,0.75,0,0,0,0,0,1
trading,37,0.6757,0,0,0,0,1,4
work,99,0.697,0,0,0,0,1,20
stock_traders,11,0.5909,0,0,0,0,0,0
__init__,2,0.75,0,0,0,0,1,0
sched,14,0.7143,0,0,0,0,0,5
ai_suggestion,40,0.6625,0,0,0,0,3,7
common,10,0.8,0,0,0,0,0,0
tagger,20,0.625,0,0,0,0,0,2
tag_models,138,0.7536,0,0,0,0,0,4
tag_schemas,66,0.5833,0,0,0,0,0,11
tag_service,205,0.6927,0,0,0,0,8,35
tag_stats,27,0.7963,0,0,0,0,1,7
tag_utils,132,0.7235,0,0,0,0,3,12
__init__,1,1.0,0,0,0,0,0,0
init_tag_system,10,1.0,0,0,0,0,0,3
qmt_data_runner,17,0.8235,0,0,0,0,1,1
qmt_tick_runner,6,0.5833,0,0,0,0,0,1
stock_pool_runner,28,0.8036,0,0,0,0,1,7
today_shoot_runner,11,0.6364,0,0,0,0,0,4
today_top_runner,4,0.625,0,0,0,0,0,1
errors,16,0.8438,0,0,0,0,0,0
sim_account,135,0.7444,0,0,0,0,9,20
trader,145,0.7276,0,0,0,0,4,7
trader_info_api,44,0.6477,0,0,0,0,1,6
trader_models,22,0.7273,0,0,0,0,0,0
trader_schemas,47,0.5426,0,0,0,0,0,0
__init__,52,0.7019,0,0,0,0,3,7
common,5,0.7,0,0,0,0,0,0
trading_models,98,0.7143,0,0,0,0,0,6
trading_schemas,30,0.8167,0,0,0,0,0,2
trading_service,134,0.694,0,0,0,1,2,12
__init__,1,0.5,0,0,0,0,0,0
__init__,4,0.875,0,0,0,0,0,0
decorator,6,0.6667,0,0,0,0,0,0
file_utils,9,0.5,0,0,0,0,0,1
git_utils,10,0.8,0,0,0,1,2,0
model_utils,4,0.875,0,0,0,0,0,1
pd_utils,60,0.6833,0,0,0,0,0,11
recorder_utils,13,0.6538,0,0,0,0,1,3
str_utils,7,0.7143,0,0,0,0,0,0
time_utils,110,0.7091,0,0,0,0,1,13
utils,89,0.6742,0,0,0,2,1,14
zip_utils,26,0.7115,0,0,0,0,4,7
__init__,1,0.5,0,0,0,0,0,0
__init__,12,0.9167,0,0,0,0,3,1
context,11,0.8636,0,0,0,0,0,2
errors,8,0.9375,0,0,0,0,0,0
qmt_account,98,0.7041,0,0,0,0,4,17
qmt_quote,86,0.7093,0,0,0,0,4,14
__init__,1,0.5,0,0,0,0,0,0
actor_meta,5,0.7,0,0,0,0,0,0
stock_actor,26,0.5192,0,0,0,0,0,4
__init__,6,0.8333,0,0,0,0,2,0
emotion,36,0.5417,0,0,0,0,0,0
__init__,5,0.6,0,0,0,0,0,1
dividend_financing,32,0.7812,0,0,0,0,0,0
finance,244,0.8381,0,0,0,0,0,2
trading,87,0.5115,0,0,0,0,0,0
valuation,22,0.6364,0,0,0,0,0,0
__init__,6,1.0,0,0,0,0,0,4
macro,25,0.96,0,0,0,0,0,0
monetary,10,0.65,0,0,0,0,0,1
__init__,6,0.5,0,0,0,0,0,0
block_meta,11,0.7727,0,0,0,0,0,0
cbond_meta,10,0.5,0,0,0,0,0,0
country_meta,13,0.6538,0,0,0,0,0,0
currency_meta,9,0.7778,0,0,0,0,0,1
etf_meta,15,0.5,0,0,0,0,0,0
fund_meta,10,0.6,0,0,0,0,0,1
future_meta,9,0.7222,0,0,0,0,0,0
indexus_meta,10,0.85,0,0,0,0,0,0
index_meta,14,0.5714,0,0,0,0,0,0
stockhk_meta,9,0.8333,0,0,0,0,0,1
stockus_meta,12,0.5417,0,0,0,0,0,0
stock_meta,11,0.5,0,0,0,0,0,0
__init__,3,0.6667,0,0,0,0,0,0
holder,45,0.6556,0,0,0,0,0,2
money_flow,54,0.5278,0,0,0,0,0,0
overall,33,0.697,0,0,0,0,0,1
stock_news,18,0.5556,0,0,0,0,0,0
__init__,6,0.8333,0,0,0,0,0,4
trade_day,7,0.5714,0,0,0,0,0,1
__init__,73,0.7329,0,0,0,0,0,10
block_1d_kdata,7,0.7143,0,0,0,0,0,0
block_1mon_kdata,7,0.5714,0,0,0,0,0,0
block_1wk_kdata,5,0.9,0,0,0,0,0,0
__init__,6,0.5,0,0,0,0,0,0
currency_1d_kdata,8,0.6875,0,0,0,0,0,1
__init__,4,0.75,0,0,0,0,1,0
etf_1d_kdata,6,0.9167,0,0,0,0,0,0
__init__,3,1.0,0,0,0,0,1,0
future_1d_kdata,7,0.5714,0,0,0,0,0,0
__init__,3,0.6667,0,0,0,0,1,0
index_1d_kdata,6,0.8333,0,0,0,0,0,1
index_1m_kdata,8,0.875,0,0,0,0,0,1
index_1wk_kdata,7,0.5714,0,0,0,0,0,0
__init__,9,1.0,0,0,0,0,3,0
indexus_1d_kdata,7,0.6429,0,0,0,0,0,0
__init__,4,0.625,0,0,0,0,1,0
stock_15m_hfq_kdata,7,0.5714,0,0,0,0,0,0
stock_15m_kdata,9,0.9444,0,0,0,0,0,0
stock_1d_hfq_kdata,7,0.7143,0,0,0,0,0,0
stock_1d_kdata,7,0.8571,0,0,0,0,0,0
stock_1h_hfq_kdata,8,0.625,0,0,0,0,0,0
stock_1h_kdata,6,0.5833,0,0,0,0,0,0
stock_1mon_hfq_kdata,7,0.7143,0,0,0,0,0,0
stock_1mon_kdata,8,0.5,0,0,0,0,0,0
stock_1m_hfq_kdata,7,0.8571,0,0,0,0,0,0
stock_1m_kdata,6,0.5,0,0,0,0,0,0
stock_1wk_hfq_kdata,8,0.875,0,0,0,0,0,0
stock_1wk_kdata,7,0.5714,0,0,0,0,0,1
stock_30m_hfq_kdata,9,0.5556,0,0,0,0,0,0
stock_30m_kdata,10,0.65,0,0,0,0,0,0
stock_4h_hfq_kdata,6,0.5833,0,0,0,0,0,0
stock_4h_kdata,8,0.6875,0,0,0,0,0,0
stock_5m_hfq_kdata,6,0.8333,0,0,0,0,0,0
stock_5m_kdata,6,0.5833,0,0,0,0,0,0
stock_quote,41,0.5244,0,0,0,0,0,1
__init__,38,1.0,0,0,0,0,0,0
stockhk_1d_hfq_kdata,7,0.6429,0,0,0,0,0,0
stockhk_1d_kdata,8,0.5,0,0,0,0,0,0
__init__,6,0.6667,0,0,0,0,0,0
stockus_1d_hfq_kdata,6,0.5833,0,0,0,0,0,0
stockus_1d_kdata,7,0.5714,0,0,0,0,0,0
__init__,4,0.75,0,0,0,0,2,0
finance_factor,21,0.7857,0,0,0,1,0,2
__init__,3,0.5,0,0,0,0,0,1
ma_factor,46,0.6957,0,0,0,0,0,6
ma_stats_factor,43,0.7093,0,0,0,0,0,4
top_bottom_factor,20,0.675,0,0,0,0,0,0
__init__,8,0.5,0,0,0,0,0,0
macd_factor,35,0.7286,0,0,0,0,0,0
__init__,3,0.5,0,0,0,0,0,0
base_factor,68,0.7426,0,0,0,0,0,8
zen_factor,126,0.6508,0,0,0,0,0,5
__init__,6,1.0,0,0,0,0,0,0
common,20,0.675,0,0,0,0,0,0
stock_1d_ma_factor,19,0.9737,0,0,0,0,0,0
stock_1d_ma_stats_factor,6,0.6667,0,0,0,0,0,1
__init__,9,0.6667,0,0,0,0,0,3
common,52,0.5192,0,0,0,0,0,1
index_1d_zen_factor,7,0.7143,0,0,0,0,0,0
stock_1d_zen_factor,6,0.6667,0,0,0,0,0,0
stock_1wk_zen_factor,7,0.8571,0,0,0,0,0,0
__init__,12,0.6667,0,0,0,0,0,0
common,106,0.7453,0,0,0,0,5,10
__init__,12,0.75,0,0,0,0,0,0
em_api,272,0.7096,0,0,0,4,12,44
__init__,14,0.5,0,0,0,0,0,0
exchange_etf_meta_recorder,79,0.6329,0,0,0,0,11,10
exchange_index_recorder,23,0.8261,0,0,0,0,0,2
exchange_index_stock_recorder,22,0.7045,0,0,0,0,0,1
exchange_stock_meta_recorder,27,0.5926,0,0,0,0,3,8
exchange_stock_summary_recorder,37,0.8784,0,0,0,1,2,3
__init__,18,0.5,0,0,0,0,0,0
common,20,0.725,0,0,0,0,0,2
__init__,8,0.875,0,0,0,0,6,0
jqka_api,40,0.725,0,0,0,0,4,13
__init__,6,0.8333,0,0,0,0,2,0
__init__,9,1.0,0,0,0,0,0,3
__init__,5,0.5,0,0,0,0,3,0
wb_api,79,0.7532,0,0,0,0,3,11
wb_country_recorder,14,0.8571,0,0,0,0,0,1
wb_economy_recorder,13,0.7308,0,0,0,0,0,1
__init__,9,0.5,0,0,0,0,0,0
eastmoney_dividend_detail_recorder,14,0.75,0,0,0,0,0,2
eastmoney_dividend_financing_recorder,22,0.6818,0,0,0,0,0,2
eastmoney_rights_issue_detail_recorder,19,0.8158,0,0,0,0,0,1
eastmoney_spo_detail_recorder,18,0.5556,0,0,0,0,0,1
__init__,12,0.5,0,0,0,0,0,4
base_china_stock_finance_recorder,70,0.6357,0,0,0,0,1,9
eastmoney_balance_sheet_recorder,11,0.7273,0,0,0,0,0,0
eastmoney_cash_flow_recorder,13,0.6154,0,0,0,0,0,1
eastmoney_finance_factor_recorder,15,0.6,0,0,0,0,0,2
eastmoney_income_statement_recorder,14,0.6786,0,0,0,0,0,1
__init__,10,0.5,0,0,0,0,0,0
eastmoney_stock_actor_recorder,20,0.725,0,0,0,0,1,4
eastmoney_top_ten_holder_recorder,22,0.5909,0,0,0,0,0,0
eastmoney_top_ten_tradable_holder_recorder,6,0.5,0,0,0,0,0,2
__init__,9,0.6667,0,0,0,0,0,3
eastmoney_block_meta_recorder,34,0.7647,0,0,0,0,5,5
eastmoney_stock_meta_recorder,24,0.75,0,0,0,0,2,6
__init__,6,0.5,0,0,0,0,2,0
eastmoney_holder_trading_recorder,19,0.6842,0,0,0,0,0,0
eastmoney_manager_trading_recorder,24,0.5625,0,0,0,0,0,1
__init__,6,0.8333,0,0,0,0,0,0
em_stock_actor_summary_recorder,25,0.8,0,0,0,0,0,1
em_stock_ii_recorder,21,0.5714,0,0,0,0,0,3
em_stock_top_ten_free_recorder,38,0.7368,0,0,0,0,0,6
em_stock_top_ten_recorder,33,0.8788,0,0,0,0,0,6
__init__,8,0.75,0,0,0,0,4,0
em_treasury_yield_recorder,33,0.9242,0,0,0,0,0,2
__init__,3,0.8333,0,0,0,0,1,0
em_block_meta_recorder,24,0.7708,0,0,0,0,1,0
em_cbond_meta_recorder,10,0.95,0,0,0,0,0,0
em_currency_meta_recorder,12,0.9167,0,0,0,0,0,0
em_future_meta_recorder,13,0.9231,0,0,0,0,0,0
em_indexus_meta_recorder,12,0.875,0,0,0,0,0,0
em_index_meta_recorder,17,0.8529,0,0,0,0,0,0
em_stockhk_meta_recorder,18,0.8056,0,0,0,0,0,0
em_stockus_meta_recorder,10,0.95,0,0,0,0,0,0
em_stock_meta_recorder,16,0.875,0,0,0,1,0,0
__init__,18,0.75,0,0,0,0,0,0
em_stock_news_recorder,23,0.6957,0,0,0,0,0,3
__init__,4,0.875,0,0,0,0,1,0
em_kdata_recorder,68,0.6471,0,0,0,0,1,4
__init__,3,0.6667,0,0,0,0,1,0
em_dragon_and_tiger_recorder,12,0.625,0,0,0,0,0,2
__init__,4,0.625,0,0,0,0,1,0
cn_index_api,19,0.6316,0,0,0,0,3,5
cn_index_stock_api,19,0.7105,0,0,0,0,3,3
cs_index_api,29,0.7586,0,0,0,0,4,2
cs_index_stock_api,11,0.8182,0,0,0,0,1,2
__init__,8,1.0,0,0,0,0,0,0
jq_etf_valuation_recorder,10,0.7,0,0,0,0,0,1
jq_margin_trading_recorder,16,0.5312,0,0,0,0,0,2
jq_stock_valuation_recorder,21,0.6667,0,0,0,0,0,0
__init__,10,0.7,0,0,0,0,0,0
jq_fund_meta_recorder,41,0.6951,0,0,0,0,0,5
jq_stock_meta_recorder,59,0.8136,0,0,0,0,0,4
jq_trade_day_recorder,26,0.6346,0,0,0,0,1,1
__init__,6,0.75,0,0,0,0,0,0
jq_hk_holder_recorder,42,0.8214,0,0,0,1,0,2
jq_index_money_flow_recorder,27,0.8333,0,0,0,0,0,1
jq_stock_money_flow_recorder,45,0.6222,0,0,0,0,1,6
__init__,10,0.5,0,0,0,0,3,0
jq_cross_market_recorder,25,0.66,0,0,0,0,1,1
jq_margin_trading_recorder,28,0.75,0,0,0,0,0,6
jq_stock_summary_recorder,20,0.6,0,0,0,0,1,1
__init__,6,0.5,0,0,0,0,0,3
jq_index_kdata_recorder,52,0.7692,0,0,0,0,1,4
jq_stock_kdata_recorder,44,0.6705,0,0,0,0,1,4
__init__,6,0.5,0,0,0,0,0,2
JqkaEmotionRecorder,101,0.7426,0,0,0,0,0,16
__init__,4,0.75,0,0,0,0,1,0
qmt_index_recorder,37,0.7432,0,0,0,0,0,0
__init__,5,0.5,0,0,0,0,1,0
qmt_stock_meta_recorder,10,0.8,0,0,0,0,0,1
__init__,4,0.5,0,0,0,0,0,1
qmt_kdata_recorder,45,0.7556,0,0,0,0,2,2
__init__,3,0.6667,0,0,0,0,0,1
sina_block_recorder,38,0.6711,0,0,0,1,4,5
__init__,4,0.875,0,0,0,0,1,0
sina_block_money_flow_recorder,27,0.7407,0,0,0,1,1,2
sina_stock_money_flow_recorder,32,0.6719,0,0,0,1,1,5
__init__,6,0.5,0,0,0,0,0,0
sina_etf_kdata_recorder,40,0.6625,0,0,0,0,6,4
sina_index_kdata_recorder,29,0.7241,0,0,0,0,1,3
__init__,9,0.5,0,0,0,0,2,0
factor_app,64,0.6172,0,0,0,0,1,4
dcc_components,35,0.7714,0,0,0,0,0,2
test_common,14,0.8214,0,0,0,0,0,0
test_dividend_financing,30,0.7667,0,0,0,0,0,7
test_finance,54,0.6759,0,0,0,0,0,1
test_holder,23,0.6304,0,0,0,0,0,9
test_intent,47,0.734,0,0,0,0,0,3
test_joinquant_quotes,12,0.5833,0,0,0,0,0,4
test_kdata,30,0.7833,0,0,0,0,0,14
test_technical,10,0.55,0,0,0,0,1,2
test_trading,24,0.625,0,0,0,0,0,6
test_add_provider_plugin,2,0.75,0,0,0,0,0,0
test_entity,41,0.9634,0,0,0,0,0,0
test_reader,20,0.85,0,0,0,0,0,9
test_schema,24,0.9167,0,0,0,0,0,0
test_algorithm,33,0.803,0,0,0,0,0,0
test_factors,7,0.7143,0,0,0,0,0,0
test_factor_select_targets,14,0.6071,0,0,0,0,0,1
test_technical_factor,34,0.6912,0,0,0,0,0,12
test_transformers,12,0.7083,0,0,0,0,0,0
test_sgd,26,0.8077,0,0,0,0,0,2
test_trader,57,0.7719,0,0,0,0,2,10
test_pd_utils,10,0.55,0,0,0,0,0,0
test_time_utils,45,0.8667,0,0,0,0,0,6
test_utils,24,0.7292,0,0,0,0,0,2
test_china_stock_list_recorder,7,0.6429,0,0,0,0,0,1
test_dividend_financing_recorder,17,0.7353,0,0,0,0,0,4
test_finance,20,0.8,0,0,0,0,0,4
test_holder_recorder,14,0.75,0,0,0,0,0,2
test_meta_recorder,8,0.75,0,0,0,0,0,2
test_trading_recorder,13,0.6154,0,0,0,0,0,2
test_em_api,4,0.5,0,0,0,0,0,0
test_quote_recorder,34,0.7353,0,0,0,0,0,8
test_stock_money_flow,7,1.0,0,0,0,0,0,2
