annotation,annotation_tokens,confidence,end_token,label,line,reason,severity,start_token,text,tokens
ğŸ§  ML Signal: Usage of custom mixin class for ORM models,"[8582, 100, 254, 10373, 26484, 25, 29566, 286, 2183, 5022, 259, 1398, 329, 6375, 44, 4981]",0.5,12,ml_signal,3,Usage of custom mixin class for ORM models,,0,from sqlalchemy.orm import declarative_base,"[6738, 44161, 282, 26599, 13, 579, 1330, 2377, 283, 876, 62, 8692]"
ğŸ§  ML Signal: Custom schema registration pattern,"[8582, 100, 254, 10373, 26484, 25, 8562, 32815, 9352, 3912]",0.5,20,ml_signal,5,Custom schema registration pattern,,12,from zvt.contract import Mixin,"[6738, 1976, 36540, 13, 28484, 1330, 15561, 259]"
ğŸ§  ML Signal: Usage of declarative base for ORM models,"[8582, 100, 254, 10373, 26484, 25, 29566, 286, 2377, 283, 876, 2779, 329, 6375, 44, 4981]",0.5,32,ml_signal,6,Usage of declarative base for ORM models,,20,from zvt.contract.register import register_schema,"[6738, 1976, 36540, 13, 28484, 13, 30238, 1330, 7881, 62, 15952, 2611]"
âœ… Best Practice: Use of @classmethod to define a method that operates on the class itself rather than an instance,"[26486, 227, 6705, 19939, 25, 5765, 286, 2488, 4871, 24396, 284, 8160, 257, 2446, 326, 14051, 319, 262, 1398, 2346, 2138, 621, 281, 4554]",1.0,44,best_practice,6,Use of @classmethod to define a method that operates on the class itself rather than an instance,,32,from zvt.contract.register import register_schema,"[6738, 1976, 36540, 13, 28484, 13, 30238, 1330, 7881, 62, 15952, 2611]"
âœ… Best Practice: Consider using a class method decorator for clarity and convention.,"[26486, 227, 6705, 19939, 25, 12642, 1262, 257, 1398, 2446, 11705, 1352, 329, 16287, 290, 9831, 13]",1.0,54,best_practice,8,Consider using a class method decorator for clarity and convention.,,44,FinanceBase = declarative_base(),"[37, 14149, 14881, 796, 2377, 283, 876, 62, 8692, 3419]"
ğŸ§  ML Signal: The use of a class variable for table name can be a pattern for ORM models.,"[8582, 100, 254, 10373, 26484, 25, 383, 779, 286, 257, 1398, 7885, 329, 3084, 1438, 460, 307, 257, 3912, 329, 6375, 44, 4981, 13]",0.5,72,ml_signal,19,The use of a class variable for table name can be a pattern for ORM models.,,54,"            ""accounts_receivable"",","[220, 220, 220, 220, 220, 220, 220, 220, 220, 220, 220, 366, 23317, 82, 62, 260, 48054, 1600]"
"ğŸ§  ML Signal: Column definitions are typical in ORM models, useful for schema inference.","[8582, 100, 254, 10373, 26484, 25, 29201, 17336, 389, 7226, 287, 6375, 44, 4981, 11, 4465, 329, 32815, 32278, 13]",0.5,87,ml_signal,21,"Column definitions are typical in ORM models, useful for schema inference.",,72,"            ""goodwill"",","[220, 220, 220, 220, 220, 220, 220, 220, 220, 220, 220, 366, 11274, 10594, 1600]"
âœ… Best Practice: Use of classmethod decorator to define a method that operates on the class rather than instance,"[26486, 227, 6705, 19939, 25, 5765, 286, 1398, 24396, 11705, 1352, 284, 8160, 257, 2446, 326, 14051, 319, 262, 1398, 2138, 621, 4554]",1.0,102,best_practice,124,Use of classmethod decorator to define a method that operates on the class rather than instance,,87,    #: èµ„æœ¬å…¬ç§¯,"[220, 220, 220, 1303, 25, 5525, 113, 226, 17312, 105, 17739, 105, 163, 100, 107]"
"ğŸ§  ML Signal: Method for creating an object from a dictionary, indicating a common pattern for data deserialization","[8582, 100, 254, 10373, 26484, 25, 11789, 329, 4441, 281, 2134, 422, 257, 22155, 11, 12739, 257, 2219, 3912, 329, 1366, 748, 48499, 1634]",1.0,114,ml_signal,127,"Method for creating an object from a dictionary, indicating a common pattern for data deserialization",,102,    special_reserve = Column(Float),"[220, 220, 220, 2041, 62, 411, 3760, 796, 29201, 7, 43879, 8]"
âœ… Best Practice: Use of class method to create an instance from a dictionary,"[26486, 227, 6705, 19939, 25, 5765, 286, 1398, 2446, 284, 2251, 281, 4554, 422, 257, 22155]",1.0,126,best_practice,127,Use of class method to create an instance from a dictionary,,114,    special_reserve = Column(Float),"[220, 220, 220, 2041, 62, 411, 3760, 796, 29201, 7, 43879, 8]"
ğŸ§  ML Signal: Instantiation of class using cls() within a class method,"[8582, 100, 254, 10373, 26484, 25, 24470, 3920, 286, 1398, 1262, 537, 82, 3419, 1626, 257, 1398, 2446]",0.5,138,ml_signal,127,Instantiation of class using cls() within a class method,,126,    special_reserve = Column(Float),"[220, 220, 220, 2041, 62, 411, 3760, 796, 29201, 7, 43879, 8]"
"ğŸ§  ML Signal: Iterating over dictionary items, common pattern for processing key-value pairs","[8582, 100, 254, 10373, 26484, 25, 40806, 803, 625, 22155, 3709, 11, 2219, 3912, 329, 7587, 1994, 12, 8367, 14729]",1.0,171,ml_signal,132,"Iterating over dictionary items, common pattern for processing key-value pairs",,138,    #: å½’å±äºæ¯å…¬å¸è‚¡ä¸œæƒç›Šåˆè®¡,"[220, 220, 220, 1303, 25, 10263, 121, 240, 161, 109, 252, 12859, 236, 162, 107, 235, 17739, 105, 20998, 116, 164, 224, 94, 10310, 250, 30266, 225, 33566, 232, 28938, 42062, 106, 94]"
âš ï¸ SAST Risk (Low): Use of setattr can lead to security risks if keys are not validated,"[158, 248, 254, 37929, 311, 11262, 19602, 357, 20535, 2599, 5765, 286, 900, 35226, 460, 1085, 284, 2324, 7476, 611, 8251, 389, 407, 31031]",1.0,190,sast_risk,134,Use of setattr can lead to security risks if keys are not validated,Low,171,    #: å°‘æ•°è‚¡ä¸œæƒç›Š,"[220, 220, 220, 1303, 25, 10263, 108, 239, 46763, 108, 164, 224, 94, 10310, 250, 30266, 225, 33566, 232]"
"ğŸ§  ML Signal: Dynamic attribute setting using setattr, indicating flexible object construction","[8582, 100, 254, 10373, 26484, 25, 26977, 11688, 4634, 1262, 900, 35226, 11, 12739, 12846, 2134, 5103]",0.5,206,ml_signal,135,"Dynamic attribute setting using setattr, indicating flexible object construction",,190,    equity_as_minority_interest = Column(Float),"[220, 220, 220, 13598, 62, 292, 62, 1084, 29134, 62, 9446, 796, 29201, 7, 43879, 8]"
"ğŸ§  ML Signal: Returning an instance of the class, common pattern in factory methods","[8582, 100, 254, 10373, 26484, 25, 42882, 281, 4554, 286, 262, 1398, 11, 2219, 3912, 287, 8860, 5050]",0.5,218,ml_signal,137,"Returning an instance of the class, common pattern in factory methods",,206,    total_equity = Column(Float),"[220, 220, 220, 2472, 62, 4853, 414, 796, 29201, 7, 43879, 8]"
"ğŸ§  ML Signal: Method for converting an object to a dictionary, indicating a common pattern for data serialization","[8582, 100, 254, 10373, 26484, 25, 11789, 329, 23202, 281, 2134, 284, 257, 22155, 11, 12739, 257, 2219, 3912, 329, 1366, 11389, 1634]",1.0,218,ml_signal,140,"Method for converting an object to a dictionary, indicating a common pattern for data serialization",,218,,[]
ğŸ§  ML Signal: Initialization of an empty dictionary for data collection,"[8582, 100, 254, 10373, 26484, 25, 20768, 1634, 286, 281, 6565, 22155, 329, 1366, 4947]",0.5,228,ml_signal,142,Initialization of an empty dictionary for data collection,,218,    #: èµ„äº§,"[220, 220, 220, 1303, 25, 5525, 113, 226, 12859, 100]"
ğŸ§  ML Signal: Accessing object's __dict__ to iterate over its attributes,"[8582, 100, 254, 10373, 26484, 25, 8798, 278, 2134, 338, 11593, 11600, 834, 284, 11629, 378, 625, 663, 12608]",0.5,250,ml_signal,144,Accessing object's __dict__ to iterate over its attributes,,228,    fi_cash_and_deposit_in_central_bank = Column(Float),"[220, 220, 220, 25912, 62, 30350, 62, 392, 62, 10378, 7434, 62, 259, 62, 31463, 62, 17796, 796, 29201, 7, 43879, 8]"
"ğŸ§  ML Signal: Dynamic attribute access using getattr, indicating flexible data retrieval","[8582, 100, 254, 10373, 26484, 25, 26977, 11688, 1895, 1262, 651, 35226, 11, 12739, 12846, 1366, 45069]",0.5,268,ml_signal,146,"Dynamic attribute access using getattr, indicating flexible data retrieval",,250,    fi_deposit_in_other_fi = Column(Float),"[220, 220, 220, 25912, 62, 10378, 7434, 62, 259, 62, 847, 62, 12463, 796, 29201, 7, 43879, 8]"
"ğŸ§  ML Signal: Returning a dictionary representation of the object, common pattern in serialization methods","[8582, 100, 254, 10373, 26484, 25, 42882, 257, 22155, 10552, 286, 262, 2134, 11, 2219, 3912, 287, 11389, 1634, 5050]",0.5,282,ml_signal,148,"Returning a dictionary representation of the object, common pattern in serialization methods",,268,    fi_expensive_metals = Column(Float),"[220, 220, 220, 25912, 62, 22031, 62, 4164, 874, 796, 29201, 7, 43879, 8]"
âœ… Best Practice: Consider using a class method decorator for class methods,"[26486, 227, 6705, 19939, 25, 12642, 1262, 257, 1398, 2446, 11705, 1352, 329, 1398, 5050]",1.0,297,best_practice,126,Consider using a class method decorator for class methods,,282,    #: ä¸“é¡¹å‚¨å¤‡,"[220, 220, 220, 1303, 25, 220, 10310, 241, 165, 94, 117, 43636, 101, 13783, 229]"
ğŸ§  ML Signal: Use of a class variable to define a database table name,"[8582, 100, 254, 10373, 26484, 25, 5765, 286, 257, 1398, 7885, 284, 8160, 257, 6831, 3084, 1438]",1.0,309,ml_signal,137,Use of a class variable to define a database table name,,297,    total_equity = Column(Float),"[220, 220, 220, 2472, 62, 4853, 414, 796, 29201, 7, 43879, 8]"
ğŸ§  ML Signal: Use of SQLAlchemy Column to define database schema,"[8582, 100, 254, 10373, 26484, 25, 5765, 286, 16363, 2348, 26599, 29201, 284, 8160, 6831, 32815]",1.0,326,ml_signal,139,Use of SQLAlchemy Column to define database schema,,309,    total_liabilities_and_equity = Column(Float),"[220, 220, 220, 2472, 62, 4528, 5738, 62, 392, 62, 4853, 414, 796, 29201, 7, 43879, 8]"
ğŸ§  ML Signal: Use of SQLAlchemy Column to define database schema,"[8582, 100, 254, 10373, 26484, 25, 5765, 286, 16363, 2348, 26599, 29201, 284, 8160, 6831, 32815]",1.0,340,ml_signal,141,Use of SQLAlchemy Column to define database schema,,326,    #: é“¶è¡Œç›¸å…³,"[220, 220, 220, 1303, 25, 16268, 241, 114, 26193, 234, 33566, 116, 17739, 111]"
ğŸ§  ML Signal: Use of SQLAlchemy Column to define database schema,"[8582, 100, 254, 10373, 26484, 25, 5765, 286, 16363, 2348, 26599, 29201, 284, 8160, 6831, 32815]",1.0,371,ml_signal,143,Use of SQLAlchemy Column to define database schema,,340,    #: ç°é‡‘åŠå­˜æ”¾ä¸­å¤®é“¶è¡Œæ¬¾é¡¹,"[220, 220, 220, 1303, 25, 13328, 236, 108, 34932, 239, 20998, 232, 27764, 246, 162, 242, 122, 40792, 13783, 106, 165, 241, 114, 26193, 234, 162, 105, 122, 165, 94, 117]"
ğŸ§  ML Signal: Use of SQLAlchemy Column to define database schema,"[8582, 100, 254, 10373, 26484, 25, 5765, 286, 16363, 2348, 26599, 29201, 284, 8160, 6831, 32815]",1.0,392,ml_signal,145,Use of SQLAlchemy Column to define database schema,,371,    #: å­˜æ”¾åŒä¸šæ¬¾é¡¹,"[220, 220, 220, 1303, 25, 10263, 255, 246, 162, 242, 122, 28938, 234, 10310, 248, 162, 105, 122, 165, 94, 117]"
ğŸ§  ML Signal: Use of SQLAlchemy Column to define database schema,"[8582, 100, 254, 10373, 26484, 25, 5765, 286, 16363, 2348, 26599, 29201, 284, 8160, 6831, 32815]",1.0,405,ml_signal,147,Use of SQLAlchemy Column to define database schema,,392,    #: è´µé‡‘å±,"[220, 220, 220, 1303, 25, 5525, 112, 113, 34932, 239, 161, 109, 252]"
ğŸ§  ML Signal: Use of SQLAlchemy Column to define database schema,"[8582, 100, 254, 10373, 26484, 25, 5765, 286, 16363, 2348, 26599, 29201, 284, 8160, 6831, 32815]",1.0,420,ml_signal,149,Use of SQLAlchemy Column to define database schema,,405,    #: æ‹†å‡ºèµ„é‡‘,"[220, 220, 220, 1303, 25, 10545, 233, 228, 49035, 118, 164, 113, 226, 34932, 239]"
ğŸ§  ML Signal: Use of SQLAlchemy Column to define database schema,"[8582, 100, 254, 10373, 26484, 25, 5765, 286, 16363, 2348, 26599, 29201, 284, 8160, 6831, 32815]",1.0,475,ml_signal,151,Use of SQLAlchemy Column to define database schema,,420,    #: ä»¥å…¬å…ä»·å€¼è®¡é‡ä¸”å…¶å˜åŠ¨è®¡å…¥å½“æœŸæŸç›Šçš„é‡‘èèµ„äº§,"[220, 220, 220, 1303, 25, 220, 20015, 98, 17739, 105, 17739, 223, 20015, 115, 161, 222, 120, 164, 106, 94, 34932, 237, 10310, 242, 17739, 114, 20998, 246, 27950, 101, 164, 106, 94, 17739, 98, 37605, 241, 17312, 253, 162, 235, 253, 33566, 232, 21410, 34932, 239, 164, 252, 235, 164, 113, 226, 12859, 100]"
ğŸ§  ML Signal: Use of SQLAlchemy Column to define database schema,"[8582, 100, 254, 10373, 26484, 25, 5765, 286, 16363, 2348, 26599, 29201, 284, 8160, 6831, 32815]",1.0,494,ml_signal,153,Use of SQLAlchemy Column to define database schema,,475,    #: è¡ç”Ÿé‡‘èèµ„äº§,"[220, 220, 220, 1303, 25, 5525, 94, 235, 37955, 34932, 239, 164, 252, 235, 164, 113, 226, 12859, 100]"
ğŸ§  ML Signal: Use of SQLAlchemy Column to define database schema,"[8582, 100, 254, 10373, 26484, 25, 5765, 286, 16363, 2348, 26599, 29201, 284, 8160, 6831, 32815]",1.0,519,ml_signal,155,Use of SQLAlchemy Column to define database schema,,494,    #: ä¹°å…¥è¿”å”®é‡‘èèµ„äº§,"[220, 220, 220, 1303, 25, 220, 20046, 108, 17739, 98, 32573, 242, 161, 242, 106, 34932, 239, 164, 252, 235, 164, 113, 226, 12859, 100]"
ğŸ§  ML Signal: Use of SQLAlchemy Column to define database schema,"[8582, 100, 254, 10373, 26484, 25, 5765, 286, 16363, 2348, 26599, 29201, 284, 8160, 6831, 32815]",1.0,536,ml_signal,157,Use of SQLAlchemy Column to define database schema,,519,    #: åº”æ”¶è´¦æ¬¾,"[220, 220, 220, 1303, 25, 10263, 118, 242, 162, 242, 114, 164, 112, 99, 162, 105, 122]"
ğŸ§  ML Signal: Use of SQLAlchemy Column to define database schema,"[8582, 100, 254, 10373, 26484, 25, 5765, 286, 16363, 2348, 26599, 29201, 284, 8160, 6831, 32815]",1.0,552,ml_signal,159,Use of SQLAlchemy Column to define database schema,,536,    #: åº”æ”¶åˆ©æ¯,"[220, 220, 220, 1303, 25, 10263, 118, 242, 162, 242, 114, 26344, 102, 162, 223, 107]"
ğŸ§  ML Signal: Use of SQLAlchemy Column to define database schema,"[8582, 100, 254, 10373, 26484, 25, 5765, 286, 16363, 2348, 26599, 29201, 284, 8160, 6831, 32815]",1.0,577,ml_signal,161,Use of SQLAlchemy Column to define database schema,,552,    #: å‘æ”¾è´·æ¬¾åŠå«æ¬¾,"[220, 220, 220, 1303, 25, 10263, 237, 239, 162, 242, 122, 164, 112, 115, 162, 105, 122, 20998, 232, 161, 252, 104, 162, 105, 122]"
ğŸ§  ML Signal: Use of SQLAlchemy Column to define database schema,"[8582, 100, 254, 10373, 26484, 25, 5765, 286, 16363, 2348, 26599, 29201, 284, 8160, 6831, 32815]",1.0,603,ml_signal,163,Use of SQLAlchemy Column to define database schema,,577,    #: å¯ä¾›å‡ºå”®é‡‘èèµ„äº§,"[220, 220, 220, 1303, 25, 10263, 237, 107, 160, 122, 249, 49035, 118, 161, 242, 106, 34932, 239, 164, 252, 235, 164, 113, 226, 12859, 100]"
ğŸ§  ML Signal: Use of SQLAlchemy Column to define database schema,"[8582, 100, 254, 10373, 26484, 25, 5765, 286, 16363, 2348, 26599, 29201, 284, 8160, 6831, 32815]",1.0,626,ml_signal,165,Use of SQLAlchemy Column to define database schema,,603,    #: æŒæœ‰è‡³åˆ°æœŸæŠ•èµ„,"[220, 220, 220, 1303, 25, 10545, 234, 223, 17312, 231, 164, 229, 111, 26344, 108, 17312, 253, 162, 232, 243, 164, 113, 226]"
ğŸ§  ML Signal: Use of SQLAlchemy Column to define database schema,"[8582, 100, 254, 10373, 26484, 25, 5765, 286, 16363, 2348, 26599, 29201, 284, 8160, 6831, 32815]",1.0,651,ml_signal,167,Use of SQLAlchemy Column to define database schema,,626,    #: åº”æ”¶æ¬¾é¡¹ç±»æŠ•èµ„,"[220, 220, 220, 1303, 25, 10263, 118, 242, 162, 242, 35050, 105, 122, 165, 94, 117, 163, 109, 119, 162, 232, 243, 164, 113, 226]"
ğŸ§  ML Signal: Use of SQLAlchemy Column to define database schema,"[8582, 100, 254, 10373, 26484, 25, 5765, 286, 16363, 2348, 26599, 29201, 284, 8160, 6831, 32815]",1.0,670,ml_signal,169,Use of SQLAlchemy Column to define database schema,,651,    #: æŠ•èµ„æ€§æˆ¿åœ°äº§,"[220, 220, 220, 1303, 25, 10545, 232, 243, 164, 113, 226, 45250, 100, 22755, 123, 28839, 108, 12859, 100]"
ğŸ§  ML Signal: Use of SQLAlchemy Column to define database schema,"[8582, 100, 254, 10373, 26484, 25, 5765, 286, 16363, 2348, 26599, 29201, 284, 8160, 6831, 32815]",1.0,685,ml_signal,171,Use of SQLAlchemy Column to define database schema,,670,    #: å›ºå®šèµ„äº§,"[220, 220, 220, 1303, 25, 10263, 249, 118, 22522, 248, 164, 113, 226, 12859, 100]"
ğŸ§  ML Signal: Use of SQLAlchemy Column to define database schema,"[8582, 100, 254, 10373, 26484, 25, 5765, 286, 16363, 2348, 26599, 29201, 284, 8160, 6831, 32815]",1.0,700,ml_signal,173,Use of SQLAlchemy Column to define database schema,,685,    #: æ— å½¢èµ„äº§,"[220, 220, 220, 1303, 25, 10545, 245, 254, 37605, 95, 164, 113, 226, 12859, 100]"
ğŸ§  ML Signal: Use of SQLAlchemy Column to define database schema,"[8582, 100, 254, 10373, 26484, 25, 5765, 286, 16363, 2348, 26599, 29201, 284, 8160, 6831, 32815]",1.0,710,ml_signal,175,Use of SQLAlchemy Column to define database schema,,700,    #: å•†èª‰,"[220, 220, 220, 1303, 25, 10263, 243, 228, 45739, 231]"
ğŸ§  ML Signal: Use of SQLAlchemy Column to define database schema,"[8582, 100, 254, 10373, 26484, 25, 5765, 286, 16363, 2348, 26599, 29201, 284, 8160, 6831, 32815]",1.0,733,ml_signal,177,Use of SQLAlchemy Column to define database schema,,710,    #: é€’å»¶æ‰€å¾—ç¨èµ„äº§,"[220, 220, 220, 1303, 25, 16268, 222, 240, 161, 119, 114, 33699, 222, 36181, 245, 163, 101, 236, 164, 113, 226, 12859, 100]"
ğŸ§  ML Signal: Use of SQLAlchemy Column to define database schema,"[8582, 100, 254, 10373, 26484, 25, 5765, 286, 16363, 2348, 26599, 29201, 284, 8160, 6831, 32815]",1.0,748,ml_signal,179,Use of SQLAlchemy Column to define database schema,,733,    #: å…¶ä»–èµ„äº§,"[220, 220, 220, 1303, 25, 10263, 227, 114, 20015, 244, 164, 113, 226, 12859, 100]"
ğŸ§  ML Signal: Use of SQLAlchemy Column to define database schema,"[8582, 100, 254, 10373, 26484, 25, 5765, 286, 16363, 2348, 26599, 29201, 284, 8160, 6831, 32815]",1.0,763,ml_signal,181,Use of SQLAlchemy Column to define database schema,,748,    #: èµ„äº§æ€»è®¡,"[220, 220, 220, 1303, 25, 5525, 113, 226, 12859, 100, 45250, 119, 164, 106, 94]"
ğŸ§  ML Signal: Use of SQLAlchemy Column to define database schema,"[8582, 100, 254, 10373, 26484, 25, 5765, 286, 16363, 2348, 26599, 29201, 284, 8160, 6831, 32815]",1.0,763,ml_signal,183,Use of SQLAlchemy Column to define database schema,,763,,[]
ğŸ§  ML Signal: Use of SQLAlchemy Column to define database schema,"[8582, 100, 254, 10373, 26484, 25, 5765, 286, 16363, 2348, 26599, 29201, 284, 8160, 6831, 32815]",1.0,767,ml_signal,185,Use of SQLAlchemy Column to define database schema,,763,    #,"[220, 220, 220, 1303]"
ğŸ§  ML Signal: Use of SQLAlchemy Column to define database schema,"[8582, 100, 254, 10373, 26484, 25, 5765, 286, 16363, 2348, 26599, 29201, 284, 8160, 6831, 32815]",1.0,786,ml_signal,187,Use of SQLAlchemy Column to define database schema,,767,    fi_borrowings_from_central_bank = Column(Float),"[220, 220, 220, 25912, 62, 2865, 808, 654, 62, 6738, 62, 31463, 62, 17796, 796, 29201, 7, 43879, 8]"
ğŸ§  ML Signal: Use of SQLAlchemy Column to define database schema,"[8582, 100, 254, 10373, 26484, 25, 5765, 286, 16363, 2348, 26599, 29201, 284, 8160, 6831, 32815]",1.0,804,ml_signal,189,Use of SQLAlchemy Column to define database schema,,786,    fi_deposit_from_other_fi = Column(Float),"[220, 220, 220, 25912, 62, 10378, 7434, 62, 6738, 62, 847, 62, 12463, 796, 29201, 7, 43879, 8]"
ğŸ§  ML Signal: Use of SQLAlchemy Column to define database schema,"[8582, 100, 254, 10373, 26484, 25, 5765, 286, 16363, 2348, 26599, 29201, 284, 8160, 6831, 32815]",1.0,821,ml_signal,191,Use of SQLAlchemy Column to define database schema,,804,    fi_borrowings_from_fi = Column(Float),"[220, 220, 220, 25912, 62, 2865, 808, 654, 62, 6738, 62, 12463, 796, 29201, 7, 43879, 8]"
ğŸ§  ML Signal: Use of SQLAlchemy Column to define database schema,"[8582, 100, 254, 10373, 26484, 25, 5765, 286, 16363, 2348, 26599, 29201, 284, 8160, 6831, 32815]",1.0,841,ml_signal,193,Use of SQLAlchemy Column to define database schema,,821,    fi_financial_liability_effect_current_income = Column(Float),"[220, 220, 220, 25912, 62, 46921, 62, 4528, 1799, 62, 10760, 62, 14421, 62, 12519, 796, 29201, 7, 43879, 8]"
ğŸ§  ML Signal: Use of SQLAlchemy Column to define database schema,"[8582, 100, 254, 10373, 26484, 25, 5765, 286, 16363, 2348, 26599, 29201, 284, 8160, 6831, 32815]",1.0,859,ml_signal,195,Use of SQLAlchemy Column to define database schema,,841,    fi_financial_derivative_liability = Column(Float),"[220, 220, 220, 25912, 62, 46921, 62, 1082, 452, 876, 62, 4528, 1799, 796, 29201, 7, 43879, 8]"
ğŸ§  ML Signal: Use of SQLAlchemy Column to define database schema,"[8582, 100, 254, 10373, 26484, 25, 5765, 286, 16363, 2348, 26599, 29201, 284, 8160, 6831, 32815]",1.0,879,ml_signal,197,Use of SQLAlchemy Column to define database schema,,859,    fi_sell_buy_back_fi_asset = Column(Float),"[220, 220, 220, 25912, 62, 7255, 62, 17846, 62, 1891, 62, 12463, 62, 562, 316, 796, 29201, 7, 43879, 8]"
ğŸ§  ML Signal: Use of SQLAlchemy Column to define database schema,"[8582, 100, 254, 10373, 26484, 25, 5765, 286, 16363, 2348, 26599, 29201, 284, 8160, 6831, 32815]",1.0,894,ml_signal,199,Use of SQLAlchemy Column to define database schema,,879,    fi_savings_absorption = Column(Float),"[220, 220, 220, 25912, 62, 39308, 654, 62, 46303, 1159, 796, 29201, 7, 43879, 8]"
ğŸ§  ML Signal: Use of SQLAlchemy Column to define database schema,"[8582, 100, 254, 10373, 26484, 25, 5765, 286, 16363, 2348, 26599, 29201, 284, 8160, 6831, 32815]",1.0,908,ml_signal,201,Use of SQLAlchemy Column to define database schema,,894,    fi_notes_payable = Column(Float),"[220, 220, 220, 25912, 62, 17815, 62, 15577, 540, 796, 29201, 7, 43879, 8]"
ğŸ§  ML Signal: Use of SQLAlchemy Column to define database schema,"[8582, 100, 254, 10373, 26484, 25, 5765, 286, 16363, 2348, 26599, 29201, 284, 8160, 6831, 32815]",1.0,912,ml_signal,203,Use of SQLAlchemy Column to define database schema,,908,    #,"[220, 220, 220, 1303]"
ğŸ§  ML Signal: Use of SQLAlchemy Column to define database schema,"[8582, 100, 254, 10373, 26484, 25, 5765, 286, 16363, 2348, 26599, 29201, 284, 8160, 6831, 32815]",1.0,916,ml_signal,205,Use of SQLAlchemy Column to define database schema,,912,    #,"[220, 220, 220, 1303]"
ğŸ§  ML Signal: Use of SQLAlchemy Column to define database schema,"[8582, 100, 254, 10373, 26484, 25, 5765, 286, 16363, 2348, 26599, 29201, 284, 8160, 6831, 32815]",1.0,931,ml_signal,206,Use of SQLAlchemy Column to define database schema,,916,    #: åº”ä»˜åˆ©æ¯,"[220, 220, 220, 1303, 25, 10263, 118, 242, 20015, 246, 26344, 102, 162, 223, 107]"
ğŸ§  ML Signal: Use of SQLAlchemy Column to define database schema,"[8582, 100, 254, 10373, 26484, 25, 5765, 286, 16363, 2348, 26599, 29201, 284, 8160, 6831, 32815]",1.0,946,ml_signal,209,Use of SQLAlchemy Column to define database schema,,931,    fi_estimated_liabilities = Column(Float),"[220, 220, 220, 25912, 62, 395, 15655, 62, 4528, 5738, 796, 29201, 7, 43879, 8]"
ğŸ§  ML Signal: Use of SQLAlchemy Column to define database schema,"[8582, 100, 254, 10373, 26484, 25, 5765, 286, 16363, 2348, 26599, 29201, 284, 8160, 6831, 32815]",1.0,961,ml_signal,211,Use of SQLAlchemy Column to define database schema,,946,    fi_bond_payable = Column(Float),"[220, 220, 220, 25912, 62, 65, 623, 62, 15577, 540, 796, 29201, 7, 43879, 8]"
ğŸ§  ML Signal: Use of SQLAlchemy Column to define database schema,"[8582, 100, 254, 10373, 26484, 25, 5765, 286, 16363, 2348, 26599, 29201, 284, 8160, 6831, 32815]",1.0,975,ml_signal,213,Use of SQLAlchemy Column to define database schema,,961,    fi_other_liability = Column(Float),"[220, 220, 220, 25912, 62, 847, 62, 4528, 1799, 796, 29201, 7, 43879, 8]"
ğŸ§  ML Signal: Use of SQLAlchemy Column to define database schema,"[8582, 100, 254, 10373, 26484, 25, 5765, 286, 16363, 2348, 26599, 29201, 284, 8160, 6831, 32815]",1.0,979,ml_signal,215,Use of SQLAlchemy Column to define database schema,,975,    #,"[220, 220, 220, 1303]"
ğŸ§  ML Signal: Use of SQLAlchemy Column to define database schema,"[8582, 100, 254, 10373, 26484, 25, 5765, 286, 16363, 2348, 26599, 29201, 284, 8160, 6831, 32815]",1.0,1007,ml_signal,217,Use of SQLAlchemy Column to define database schema,,979,    #: æ‰€æœ‰è€…æƒç›Š(æˆ–è‚¡ä¸œæƒç›Š),"[220, 220, 220, 1303, 25, 10545, 231, 222, 17312, 231, 38519, 30266, 225, 33566, 232, 7, 22755, 244, 164, 224, 94, 10310, 250, 30266, 225, 33566, 232, 8]"
ğŸ§  ML Signal: Use of SQLAlchemy Column to define database schema,"[8582, 100, 254, 10373, 26484, 25, 5765, 286, 16363, 2348, 26599, 29201, 284, 8160, 6831, 32815]",1.0,1018,ml_signal,219,Use of SQLAlchemy Column to define database schema,,1007,    fi_capital = Column(Float),"[220, 220, 220, 25912, 62, 27544, 796, 29201, 7, 43879, 8]"
ğŸ§  ML Signal: Use of SQLAlchemy Column to define database schema,"[8582, 100, 254, 10373, 26484, 25, 5765, 286, 16363, 2348, 26599, 29201, 284, 8160, 6831, 32815]",1.0,1036,ml_signal,221,Use of SQLAlchemy Column to define database schema,,1018,    fi_other_equity_instruments = Column(Float),"[220, 220, 220, 25912, 62, 847, 62, 4853, 414, 62, 259, 2536, 2886, 796, 29201, 7, 43879, 8]"
ğŸ§  ML Signal: Use of SQLAlchemy Column to define database schema,"[8582, 100, 254, 10373, 26484, 25, 5765, 286, 16363, 2348, 26599, 29201, 284, 8160, 6831, 32815]",1.0,1050,ml_signal,223,Use of SQLAlchemy Column to define database schema,,1036,    fi_preferred_stock = Column(Float),"[220, 220, 220, 25912, 62, 3866, 18186, 62, 13578, 796, 29201, 7, 43879, 8]"
ğŸ§  ML Signal: Use of SQLAlchemy Column to define database schema,"[8582, 100, 254, 10373, 26484, 25, 5765, 286, 16363, 2348, 26599, 29201, 284, 8160, 6831, 32815]",1.0,1054,ml_signal,225,Use of SQLAlchemy Column to define database schema,,1050,    #,"[220, 220, 220, 1303]"
ğŸ§  ML Signal: Use of SQLAlchemy Column to define database schema,"[8582, 100, 254, 10373, 26484, 25, 5765, 286, 16363, 2348, 26599, 29201, 284, 8160, 6831, 32815]",1.0,1058,ml_signal,227,Use of SQLAlchemy Column to define database schema,,1054,    #,"[220, 220, 220, 1303]"
ğŸ§  ML Signal: Use of SQLAlchemy Column to define database schema,"[8582, 100, 254, 10373, 26484, 25, 5765, 286, 16363, 2348, 26599, 29201, 284, 8160, 6831, 32815]",1.0,1074,ml_signal,229,Use of SQLAlchemy Column to define database schema,,1058,    fi_generic_risk_reserve = Column(Float),"[220, 220, 220, 25912, 62, 41357, 62, 19121, 62, 411, 3760, 796, 29201, 7, 43879, 8]"
ğŸ§  ML Signal: Use of SQLAlchemy Column to define database schema,"[8582, 100, 254, 10373, 26484, 25, 5765, 286, 16363, 2348, 26599, 29201, 284, 8160, 6831, 32815]",1.0,1078,ml_signal,231,Use of SQLAlchemy Column to define database schema,,1074,    #,"[220, 220, 220, 1303]"
ğŸ§  ML Signal: Use of SQLAlchemy Column to define database schema,"[8582, 100, 254, 10373, 26484, 25, 5765, 286, 16363, 2348, 26599, 29201, 284, 8160, 6831, 32815]",1.0,1082,ml_signal,233,Use of SQLAlchemy Column to define database schema,,1078,    #,"[220, 220, 220, 1303]"
ğŸ§  ML Signal: Use of SQLAlchemy Column to define database schema,"[8582, 100, 254, 10373, 26484, 25, 5765, 286, 16363, 2348, 26599, 29201, 284, 8160, 6831, 32815]",1.0,1086,ml_signal,235,Use of SQLAlchemy Column to define database schema,,1082,    #,"[220, 220, 220, 1303]"
ğŸ§  ML Signal: Use of SQLAlchemy Column to define database schema,"[8582, 100, 254, 10373, 26484, 25, 5765, 286, 16363, 2348, 26599, 29201, 284, 8160, 6831, 32815]",1.0,1086,ml_signal,237,Use of SQLAlchemy Column to define database schema,,1086,,[]
ğŸ§  ML Signal: Use of SQLAlchemy Column to define database schema,"[8582, 100, 254, 10373, 26484, 25, 5765, 286, 16363, 2348, 26599, 29201, 284, 8160, 6831, 32815]",1.0,1096,ml_signal,239,Use of SQLAlchemy Column to define database schema,,1086,    #: èµ„äº§,"[220, 220, 220, 1303, 25, 5525, 113, 226, 12859, 100]"
ğŸ§  ML Signal: Use of SQLAlchemy Column to define database schema,"[8582, 100, 254, 10373, 26484, 25, 5765, 286, 16363, 2348, 26599, 29201, 284, 8160, 6831, 32815]",1.0,1111,ml_signal,241,Use of SQLAlchemy Column to define database schema,,1096,    #: è´§å¸èµ„é‡‘,"[220, 220, 220, 1303, 25, 5525, 112, 100, 30585, 223, 164, 113, 226, 34932, 239]"
ğŸ§  ML Signal: Use of SQLAlchemy Column to define database schema,"[8582, 100, 254, 10373, 26484, 25, 5765, 286, 16363, 2348, 26599, 29201, 284, 8160, 6831, 32815]",1.0,1136,ml_signal,243,Use of SQLAlchemy Column to define database schema,,1111,    #: å…¶ä¸­: å®¢æˆ·èµ„é‡‘å­˜æ¬¾,"[220, 220, 220, 1303, 25, 10263, 227, 114, 40792, 25, 10263, 106, 95, 22755, 115, 164, 113, 226, 34932, 239, 27764, 246, 162, 105, 122]"
ğŸ§  ML Signal: Use of SQLAlchemy Column to define database schema,"[8582, 100, 254, 10373, 26484, 25, 5765, 286, 16363, 2348, 26599, 29201, 284, 8160, 6831, 32815]",1.0,1153,ml_signal,245,Use of SQLAlchemy Column to define database schema,,1136,    #: ç»“ç®—å¤‡ä»˜é‡‘,"[220, 220, 220, 1303, 25, 13328, 119, 241, 163, 106, 245, 13783, 229, 20015, 246, 34932, 239]"
ğŸ§  ML Signal: Use of SQLAlchemy Column to define database schema,"[8582, 100, 254, 10373, 26484, 25, 5765, 286, 16363, 2348, 26599, 29201, 284, 8160, 6831, 32815]",1.0,1174,ml_signal,247,Use of SQLAlchemy Column to define database schema,,1153,    #: å…¶ä¸­: å®¢æˆ·å¤‡ä»˜é‡‘,"[220, 220, 220, 1303, 25, 10263, 227, 114, 40792, 25, 10263, 106, 95, 22755, 115, 13783, 229, 20015, 246, 34932, 239]"
ğŸ§  ML Signal: Use of SQLAlchemy Column to define database schema,"[8582, 100, 254, 10373, 26484, 25, 5765, 286, 16363, 2348, 26599, 29201, 284, 8160, 6831, 32815]",1.0,1189,ml_signal,249,Use of SQLAlchemy Column to define database schema,,1174,    #: èå‡ºèµ„é‡‘,"[220, 220, 220, 1303, 25, 5525, 252, 235, 49035, 118, 164, 113, 226, 34932, 239]"
ğŸ§  ML Signal: Use of SQLAlchemy Column to define database schema,"[8582, 100, 254, 10373, 26484, 25, 5765, 286, 16363, 2348, 26599, 29201, 284, 8160, 6831, 32815]",1.0,1244,ml_signal,251,Use of SQLAlchemy Column to define database schema,,1189,    #: ä»¥å…¬å…ä»·å€¼è®¡é‡ä¸”å…¶å˜åŠ¨è®¡å…¥å½“æœŸæŸç›Šçš„é‡‘èèµ„äº§,"[220, 220, 220, 1303, 25, 220, 20015, 98, 17739, 105, 17739, 223, 20015, 115, 161, 222, 120, 164, 106, 94, 34932, 237, 10310, 242, 17739, 114, 20998, 246, 27950, 101, 164, 106, 94, 17739, 98, 37605, 241, 17312, 253, 162, 235, 253, 33566, 232, 21410, 34932, 239, 164, 252, 235, 164, 113, 226, 12859, 100]"
ğŸ§  ML Signal: Use of SQLAlchemy Column to define database schema,"[8582, 100, 254, 10373, 26484, 25, 5765, 286, 16363, 2348, 26599, 29201, 284, 8160, 6831, 32815]",1.0,1263,ml_signal,253,Use of SQLAlchemy Column to define database schema,,1244,    #: è¡ç”Ÿé‡‘èèµ„äº§,"[220, 220, 220, 1303, 25, 5525, 94, 235, 37955, 34932, 239, 164, 252, 235, 164, 113, 226, 12859, 100]"
ğŸ§  ML Signal: Use of SQLAlchemy Column to define database schema,"[8582, 100, 254, 10373, 26484, 25, 5765, 286, 16363, 2348, 26599, 29201, 284, 8160, 6831, 32815]",1.0,1288,ml_signal,255,Use of SQLAlchemy Column to define database schema,,1263,    #: ä¹°å…¥è¿”å”®é‡‘èèµ„äº§,"[220, 220, 220, 1303, 25, 220, 20046, 108, 17739, 98, 32573, 242, 161, 242, 106, 34932, 239, 164, 252, 235, 164, 113, 226, 12859, 100]"
ğŸ§  ML Signal: Use of SQLAlchemy Column to define database schema,"[8582, 100, 254, 10373, 26484, 25, 5765, 286, 16363, 2348, 26599, 29201, 284, 8160, 6831, 32815]",1.0,1304,ml_signal,257,Use of SQLAlchemy Column to define database schema,,1288,    #: åº”æ”¶åˆ©æ¯,"[220, 220, 220, 1303, 25, 10263, 118, 242, 162, 242, 114, 26344, 102, 162, 223, 107]"
ğŸ§  ML Signal: Use of SQLAlchemy Column to define database schema,"[8582, 100, 254, 10373, 26484, 25, 5765, 286, 16363, 2348, 26599, 29201, 284, 8160, 6831, 32815]",1.0,1320,ml_signal,259,Use of SQLAlchemy Column to define database schema,,1304,    #: åº”æ”¶æ¬¾é¡¹,"[220, 220, 220, 1303, 25, 10263, 118, 242, 162, 242, 35050, 105, 122, 165, 94, 117]"
ğŸ§  ML Signal: Use of SQLAlchemy Column to define database schema,"[8582, 100, 254, 10373, 26484, 25, 5765, 286, 16363, 2348, 26599, 29201, 284, 8160, 6831, 32815]",1.0,1336,ml_signal,261,Use of SQLAlchemy Column to define database schema,,1320,    #: å­˜å‡ºä¿è¯é‡‘,"[220, 220, 220, 1303, 25, 10263, 255, 246, 49035, 118, 46479, 251, 46237, 223, 34932, 239]"
ğŸ§  ML Signal: Use of SQLAlchemy Column to define database schema,"[8582, 100, 254, 10373, 26484, 25, 5765, 286, 16363, 2348, 26599, 29201, 284, 8160, 6831, 32815]",1.0,1362,ml_signal,263,Use of SQLAlchemy Column to define database schema,,1336,    #: å¯ä¾›å‡ºå”®é‡‘èèµ„äº§,"[220, 220, 220, 1303, 25, 10263, 237, 107, 160, 122, 249, 49035, 118, 161, 242, 106, 34932, 239, 164, 252, 235, 164, 113, 226, 12859, 100]"
ğŸ§  ML Signal: Use of SQLAlchemy Column to define database schema,"[8582, 100, 254, 10373, 26484, 25, 5765, 286, 16363, 2348, 26599, 29201, 284, 8160, 6831, 32815]",1.0,1385,ml_signal,265,Use of SQLAlchemy Column to define database schema,,1362,    #: æŒæœ‰è‡³åˆ°æœŸæŠ•èµ„,"[220, 220, 220, 1303, 25, 10545, 234, 223, 17312, 231, 164, 229, 111, 26344, 108, 17312, 253, 162, 232, 243, 164, 113, 226]"
ğŸ§  ML Signal: Use of SQLAlchemy Column to define database schema,"[8582, 100, 254, 10373, 26484, 25, 5765, 286, 16363, 2348, 26599, 29201, 284, 8160, 6831, 32815]",1.0,1406,ml_signal,267,Use of SQLAlchemy Column to define database schema,,1385,    #: é•¿æœŸè‚¡æƒæŠ•èµ„,"[220, 220, 220, 1303, 25, 16268, 243, 123, 17312, 253, 164, 224, 94, 30266, 225, 162, 232, 243, 164, 113, 226]"
ğŸ§  ML Signal: Use of SQLAlchemy Column to define database schema,"[8582, 100, 254, 10373, 26484, 25, 5765, 286, 16363, 2348, 26599, 29201, 284, 8160, 6831, 32815]",1.0,1421,ml_signal,269,Use of SQLAlchemy Column to define database schema,,1406,    #: å›ºå®šèµ„äº§,"[220, 220, 220, 1303, 25, 10263, 249, 118, 22522, 248, 164, 113, 226, 12859, 100]"
ğŸ§  ML Signal: Use of SQLAlchemy Column to define database schema,"[8582, 100, 254, 10373, 26484, 25, 5765, 286, 16363, 2348, 26599, 29201, 284, 8160, 6831, 32815]",1.0,1437,ml_signal,271,Use of SQLAlchemy Column to define database schema,,1421,    #: åœ¨å»ºå·¥ç¨‹,"[220, 220, 220, 1303, 25, 10263, 250, 101, 161, 119, 118, 32432, 98, 163, 101, 233]"
ğŸ§  ML Signal: Use of SQLAlchemy Column to define database schema,"[8582, 100, 254, 10373, 26484, 25, 5765, 286, 16363, 2348, 26599, 29201, 284, 8160, 6831, 32815]",1.0,1452,ml_signal,273,Use of SQLAlchemy Column to define database schema,,1437,    #: æ— å½¢èµ„äº§,"[220, 220, 220, 1303, 25, 10545, 245, 254, 37605, 95, 164, 113, 226, 12859, 100]"
ğŸ§  ML Signal: Use of SQLAlchemy Column to define database schema,"[8582, 100, 254, 10373, 26484, 25, 5765, 286, 16363, 2348, 26599, 29201, 284, 8160, 6831, 32815]",1.0,1462,ml_signal,275,Use of SQLAlchemy Column to define database schema,,1452,    #: å•†èª‰,"[220, 220, 220, 1303, 25, 10263, 243, 228, 45739, 231]"
âœ… Best Practice: Use of classmethod to define a method that operates on the class itself rather than instances,"[26486, 227, 6705, 19939, 25, 5765, 286, 1398, 24396, 284, 8160, 257, 2446, 326, 14051, 319, 262, 1398, 2346, 2138, 621, 10245]",0.5,1477,best_practice,206,Use of classmethod to define a method that operates on the class itself rather than instances,,1462,    #: åº”ä»˜åˆ©æ¯,"[220, 220, 220, 1303, 25, 10263, 118, 242, 20015, 246, 26344, 102, 162, 223, 107]"
"ğŸ§  ML Signal: Method for creating an object from a dictionary, indicating a common pattern for data deserialization","[8582, 100, 254, 10373, 26484, 25, 11789, 329, 4441, 281, 2134, 422, 257, 22155, 11, 12739, 257, 2219, 3912, 329, 1366, 748, 48499, 1634]",0.5,1492,ml_signal,209,"Method for creating an object from a dictionary, indicating a common pattern for data deserialization",,1477,    fi_estimated_liabilities = Column(Float),"[220, 220, 220, 25912, 62, 395, 15655, 62, 4528, 5738, 796, 29201, 7, 43879, 8]"
âœ… Best Practice: Use of class method for alternative constructor,"[26486, 227, 6705, 19939, 25, 5765, 286, 1398, 2446, 329, 5559, 23772]",1.0,1507,best_practice,210,Use of class method for alternative constructor,,1492,    #: åº”ä»˜å€ºåˆ¸,"[220, 220, 220, 1303, 25, 10263, 118, 242, 20015, 246, 161, 222, 118, 26344, 116]"
âœ… Best Practice: Constructor clearly defines required parameters,"[26486, 227, 6705, 19939, 25, 28407, 273, 4084, 15738, 2672, 10007]",0.5,1517,best_practice,218,Constructor clearly defines required parameters,,1507,    #: è‚¡æœ¬,"[220, 220, 220, 1303, 25, 5525, 224, 94, 17312, 105]"
"ğŸ§  ML Signal: Method calculating a total value, indicating a pattern of aggregation","[8582, 100, 254, 10373, 26484, 25, 11789, 26019, 257, 2472, 1988, 11, 12739, 257, 3912, 286, 46500]",0.5,1532,ml_signal,224,"Method calculating a total value, indicating a pattern of aggregation",,1517,    #: èµ„æœ¬å…¬ç§¯,"[220, 220, 220, 1303, 25, 5525, 113, 226, 17312, 105, 17739, 105, 163, 100, 107]"
âœ… Best Practice: Implementation of __repr__ for better debugging and logging,"[26486, 227, 6705, 19939, 25, 46333, 286, 11593, 260, 1050, 834, 329, 1365, 28769, 290, 18931]",0.5,1549,best_practice,230,Implementation of __repr__ for better debugging and logging,,1532,    #: æœªåˆ†é…åˆ©æ¶¦,"[220, 220, 220, 1303, 25, 42164, 103, 26344, 228, 165, 227, 235, 26344, 102, 162, 114, 99]"
ğŸ§  ML Signal: Method returning a list of important column names,"[8582, 100, 254, 10373, 26484, 25, 11789, 8024, 257, 1351, 286, 1593, 5721, 3891]",1.0,1566,ml_signal,208,Method returning a list of important column names,,1549,    #: é¢„è®¡è´Ÿå€º,"[220, 220, 220, 1303, 25, 16268, 95, 226, 164, 106, 94, 164, 112, 253, 161, 222, 118]"
ğŸ§  ML Signal: Table name for ORM mapping,"[8582, 100, 254, 10373, 26484, 25, 8655, 1438, 329, 6375, 44, 16855]",1.0,1581,ml_signal,211,Table name for ORM mapping,,1566,    fi_bond_payable = Column(Float),"[220, 220, 220, 25912, 62, 65, 623, 62, 15577, 540, 796, 29201, 7, 43879, 8]"
ğŸ§  ML Signal: Column definition for ORM mapping,"[8582, 100, 254, 10373, 26484, 25, 29201, 6770, 329, 6375, 44, 16855]",1.0,1595,ml_signal,213,Column definition for ORM mapping,,1581,    fi_other_liability = Column(Float),"[220, 220, 220, 25912, 62, 847, 62, 4528, 1799, 796, 29201, 7, 43879, 8]"
ğŸ§  ML Signal: Column definition for ORM mapping,"[8582, 100, 254, 10373, 26484, 25, 29201, 6770, 329, 6375, 44, 16855]",1.0,1599,ml_signal,215,Column definition for ORM mapping,,1595,    #,"[220, 220, 220, 1303]"
ğŸ§  ML Signal: Column definition for ORM mapping,"[8582, 100, 254, 10373, 26484, 25, 29201, 6770, 329, 6375, 44, 16855]",1.0,1627,ml_signal,217,Column definition for ORM mapping,,1599,    #: æ‰€æœ‰è€…æƒç›Š(æˆ–è‚¡ä¸œæƒç›Š),"[220, 220, 220, 1303, 25, 10545, 231, 222, 17312, 231, 38519, 30266, 225, 33566, 232, 7, 22755, 244, 164, 224, 94, 10310, 250, 30266, 225, 33566, 232, 8]"
ğŸ§  ML Signal: Column definition for ORM mapping,"[8582, 100, 254, 10373, 26484, 25, 29201, 6770, 329, 6375, 44, 16855]",1.0,1638,ml_signal,219,Column definition for ORM mapping,,1627,    fi_capital = Column(Float),"[220, 220, 220, 25912, 62, 27544, 796, 29201, 7, 43879, 8]"
ğŸ§  ML Signal: Column definition for ORM mapping,"[8582, 100, 254, 10373, 26484, 25, 29201, 6770, 329, 6375, 44, 16855]",1.0,1656,ml_signal,221,Column definition for ORM mapping,,1638,    fi_other_equity_instruments = Column(Float),"[220, 220, 220, 25912, 62, 847, 62, 4853, 414, 62, 259, 2536, 2886, 796, 29201, 7, 43879, 8]"
ğŸ§  ML Signal: Column definition for ORM mapping,"[8582, 100, 254, 10373, 26484, 25, 29201, 6770, 329, 6375, 44, 16855]",1.0,1670,ml_signal,223,Column definition for ORM mapping,,1656,    fi_preferred_stock = Column(Float),"[220, 220, 220, 25912, 62, 3866, 18186, 62, 13578, 796, 29201, 7, 43879, 8]"
ğŸ§  ML Signal: Column definition for ORM mapping,"[8582, 100, 254, 10373, 26484, 25, 29201, 6770, 329, 6375, 44, 16855]",1.0,1674,ml_signal,225,Column definition for ORM mapping,,1670,    #,"[220, 220, 220, 1303]"
ğŸ§  ML Signal: Column definition for ORM mapping,"[8582, 100, 254, 10373, 26484, 25, 29201, 6770, 329, 6375, 44, 16855]",1.0,1678,ml_signal,227,Column definition for ORM mapping,,1674,    #,"[220, 220, 220, 1303]"
ğŸ§  ML Signal: Column definition for ORM mapping,"[8582, 100, 254, 10373, 26484, 25, 29201, 6770, 329, 6375, 44, 16855]",1.0,1694,ml_signal,229,Column definition for ORM mapping,,1678,    fi_generic_risk_reserve = Column(Float),"[220, 220, 220, 25912, 62, 41357, 62, 19121, 62, 411, 3760, 796, 29201, 7, 43879, 8]"
ğŸ§  ML Signal: Column definition for ORM mapping,"[8582, 100, 254, 10373, 26484, 25, 29201, 6770, 329, 6375, 44, 16855]",1.0,1698,ml_signal,231,Column definition for ORM mapping,,1694,    #,"[220, 220, 220, 1303]"
ğŸ§  ML Signal: Column definition for ORM mapping,"[8582, 100, 254, 10373, 26484, 25, 29201, 6770, 329, 6375, 44, 16855]",1.0,1702,ml_signal,233,Column definition for ORM mapping,,1698,    #,"[220, 220, 220, 1303]"
ğŸ§  ML Signal: Column definition for ORM mapping,"[8582, 100, 254, 10373, 26484, 25, 29201, 6770, 329, 6375, 44, 16855]",1.0,1706,ml_signal,235,Column definition for ORM mapping,,1702,    #,"[220, 220, 220, 1303]"
ğŸ§  ML Signal: Column definition for ORM mapping,"[8582, 100, 254, 10373, 26484, 25, 29201, 6770, 329, 6375, 44, 16855]",1.0,1706,ml_signal,237,Column definition for ORM mapping,,1706,,[]
ğŸ§  ML Signal: Column definition for ORM mapping,"[8582, 100, 254, 10373, 26484, 25, 29201, 6770, 329, 6375, 44, 16855]",1.0,1716,ml_signal,239,Column definition for ORM mapping,,1706,    #: èµ„äº§,"[220, 220, 220, 1303, 25, 5525, 113, 226, 12859, 100]"
ğŸ§  ML Signal: Column definition for ORM mapping,"[8582, 100, 254, 10373, 26484, 25, 29201, 6770, 329, 6375, 44, 16855]",1.0,1731,ml_signal,241,Column definition for ORM mapping,,1716,    #: è´§å¸èµ„é‡‘,"[220, 220, 220, 1303, 25, 5525, 112, 100, 30585, 223, 164, 113, 226, 34932, 239]"
ğŸ§  ML Signal: Column definition for ORM mapping,"[8582, 100, 254, 10373, 26484, 25, 29201, 6770, 329, 6375, 44, 16855]",1.0,1756,ml_signal,243,Column definition for ORM mapping,,1731,    #: å…¶ä¸­: å®¢æˆ·èµ„é‡‘å­˜æ¬¾,"[220, 220, 220, 1303, 25, 10263, 227, 114, 40792, 25, 10263, 106, 95, 22755, 115, 164, 113, 226, 34932, 239, 27764, 246, 162, 105, 122]"
ğŸ§  ML Signal: Column definition for ORM mapping,"[8582, 100, 254, 10373, 26484, 25, 29201, 6770, 329, 6375, 44, 16855]",1.0,1773,ml_signal,245,Column definition for ORM mapping,,1756,    #: ç»“ç®—å¤‡ä»˜é‡‘,"[220, 220, 220, 1303, 25, 13328, 119, 241, 163, 106, 245, 13783, 229, 20015, 246, 34932, 239]"
ğŸ§  ML Signal: Column definition for ORM mapping,"[8582, 100, 254, 10373, 26484, 25, 29201, 6770, 329, 6375, 44, 16855]",1.0,1794,ml_signal,247,Column definition for ORM mapping,,1773,    #: å…¶ä¸­: å®¢æˆ·å¤‡ä»˜é‡‘,"[220, 220, 220, 1303, 25, 10263, 227, 114, 40792, 25, 10263, 106, 95, 22755, 115, 13783, 229, 20015, 246, 34932, 239]"
ğŸ§  ML Signal: Column definition for ORM mapping,"[8582, 100, 254, 10373, 26484, 25, 29201, 6770, 329, 6375, 44, 16855]",1.0,1809,ml_signal,249,Column definition for ORM mapping,,1794,    #: èå‡ºèµ„é‡‘,"[220, 220, 220, 1303, 25, 5525, 252, 235, 49035, 118, 164, 113, 226, 34932, 239]"
ğŸ§  ML Signal: Column definition for ORM mapping,"[8582, 100, 254, 10373, 26484, 25, 29201, 6770, 329, 6375, 44, 16855]",1.0,1864,ml_signal,251,Column definition for ORM mapping,,1809,    #: ä»¥å…¬å…ä»·å€¼è®¡é‡ä¸”å…¶å˜åŠ¨è®¡å…¥å½“æœŸæŸç›Šçš„é‡‘èèµ„äº§,"[220, 220, 220, 1303, 25, 220, 20015, 98, 17739, 105, 17739, 223, 20015, 115, 161, 222, 120, 164, 106, 94, 34932, 237, 10310, 242, 17739, 114, 20998, 246, 27950, 101, 164, 106, 94, 17739, 98, 37605, 241, 17312, 253, 162, 235, 253, 33566, 232, 21410, 34932, 239, 164, 252, 235, 164, 113, 226, 12859, 100]"
ğŸ§  ML Signal: Column definition for ORM mapping,"[8582, 100, 254, 10373, 26484, 25, 29201, 6770, 329, 6375, 44, 16855]",1.0,1883,ml_signal,253,Column definition for ORM mapping,,1864,    #: è¡ç”Ÿé‡‘èèµ„äº§,"[220, 220, 220, 1303, 25, 5525, 94, 235, 37955, 34932, 239, 164, 252, 235, 164, 113, 226, 12859, 100]"
ğŸ§  ML Signal: Column definition for ORM mapping,"[8582, 100, 254, 10373, 26484, 25, 29201, 6770, 329, 6375, 44, 16855]",1.0,1908,ml_signal,255,Column definition for ORM mapping,,1883,    #: ä¹°å…¥è¿”å”®é‡‘èèµ„äº§,"[220, 220, 220, 1303, 25, 220, 20046, 108, 17739, 98, 32573, 242, 161, 242, 106, 34932, 239, 164, 252, 235, 164, 113, 226, 12859, 100]"
ğŸ§  ML Signal: Column definition for ORM mapping,"[8582, 100, 254, 10373, 26484, 25, 29201, 6770, 329, 6375, 44, 16855]",1.0,1924,ml_signal,257,Column definition for ORM mapping,,1908,    #: åº”æ”¶åˆ©æ¯,"[220, 220, 220, 1303, 25, 10263, 118, 242, 162, 242, 114, 26344, 102, 162, 223, 107]"
ğŸ§  ML Signal: Column definition for ORM mapping,"[8582, 100, 254, 10373, 26484, 25, 29201, 6770, 329, 6375, 44, 16855]",1.0,1940,ml_signal,259,Column definition for ORM mapping,,1924,    #: åº”æ”¶æ¬¾é¡¹,"[220, 220, 220, 1303, 25, 10263, 118, 242, 162, 242, 35050, 105, 122, 165, 94, 117]"
ğŸ§  ML Signal: Column definition for ORM mapping,"[8582, 100, 254, 10373, 26484, 25, 29201, 6770, 329, 6375, 44, 16855]",1.0,1956,ml_signal,261,Column definition for ORM mapping,,1940,    #: å­˜å‡ºä¿è¯é‡‘,"[220, 220, 220, 1303, 25, 10263, 255, 246, 49035, 118, 46479, 251, 46237, 223, 34932, 239]"
ğŸ§  ML Signal: Column definition for ORM mapping,"[8582, 100, 254, 10373, 26484, 25, 29201, 6770, 329, 6375, 44, 16855]",1.0,1982,ml_signal,263,Column definition for ORM mapping,,1956,    #: å¯ä¾›å‡ºå”®é‡‘èèµ„äº§,"[220, 220, 220, 1303, 25, 10263, 237, 107, 160, 122, 249, 49035, 118, 161, 242, 106, 34932, 239, 164, 252, 235, 164, 113, 226, 12859, 100]"
ğŸ§  ML Signal: Column definition for ORM mapping,"[8582, 100, 254, 10373, 26484, 25, 29201, 6770, 329, 6375, 44, 16855]",1.0,2005,ml_signal,265,Column definition for ORM mapping,,1982,    #: æŒæœ‰è‡³åˆ°æœŸæŠ•èµ„,"[220, 220, 220, 1303, 25, 10545, 234, 223, 17312, 231, 164, 229, 111, 26344, 108, 17312, 253, 162, 232, 243, 164, 113, 226]"
ğŸ§  ML Signal: Column definition for ORM mapping,"[8582, 100, 254, 10373, 26484, 25, 29201, 6770, 329, 6375, 44, 16855]",1.0,2026,ml_signal,267,Column definition for ORM mapping,,2005,    #: é•¿æœŸè‚¡æƒæŠ•èµ„,"[220, 220, 220, 1303, 25, 16268, 243, 123, 17312, 253, 164, 224, 94, 30266, 225, 162, 232, 243, 164, 113, 226]"
ğŸ§  ML Signal: Column definition for ORM mapping,"[8582, 100, 254, 10373, 26484, 25, 29201, 6770, 329, 6375, 44, 16855]",1.0,2041,ml_signal,269,Column definition for ORM mapping,,2026,    #: å›ºå®šèµ„äº§,"[220, 220, 220, 1303, 25, 10263, 249, 118, 22522, 248, 164, 113, 226, 12859, 100]"
ğŸ§  ML Signal: Column definition for ORM mapping,"[8582, 100, 254, 10373, 26484, 25, 29201, 6770, 329, 6375, 44, 16855]",1.0,2057,ml_signal,271,Column definition for ORM mapping,,2041,    #: åœ¨å»ºå·¥ç¨‹,"[220, 220, 220, 1303, 25, 10263, 250, 101, 161, 119, 118, 32432, 98, 163, 101, 233]"
ğŸ§  ML Signal: Column definition for ORM mapping,"[8582, 100, 254, 10373, 26484, 25, 29201, 6770, 329, 6375, 44, 16855]",1.0,2072,ml_signal,273,Column definition for ORM mapping,,2057,    #: æ— å½¢èµ„äº§,"[220, 220, 220, 1303, 25, 10545, 245, 254, 37605, 95, 164, 113, 226, 12859, 100]"
ğŸ§  ML Signal: Column definition for ORM mapping,"[8582, 100, 254, 10373, 26484, 25, 29201, 6770, 329, 6375, 44, 16855]",1.0,2082,ml_signal,275,Column definition for ORM mapping,,2072,    #: å•†èª‰,"[220, 220, 220, 1303, 25, 10263, 243, 228, 45739, 231]"
ğŸ§  ML Signal: Column definition for ORM mapping,"[8582, 100, 254, 10373, 26484, 25, 29201, 6770, 329, 6375, 44, 16855]",1.0,2105,ml_signal,277,Column definition for ORM mapping,,2082,    #: é€’å»¶æ‰€å¾—ç¨èµ„äº§,"[220, 220, 220, 1303, 25, 16268, 222, 240, 161, 119, 114, 33699, 222, 36181, 245, 163, 101, 236, 164, 113, 226, 12859, 100]"
ğŸ§  ML Signal: Column definition for ORM mapping,"[8582, 100, 254, 10373, 26484, 25, 29201, 6770, 329, 6375, 44, 16855]",1.0,2120,ml_signal,279,Column definition for ORM mapping,,2105,    #: å…¶ä»–èµ„äº§,"[220, 220, 220, 1303, 25, 10263, 227, 114, 20015, 244, 164, 113, 226, 12859, 100]"
ğŸ§  ML Signal: Column definition for ORM mapping,"[8582, 100, 254, 10373, 26484, 25, 29201, 6770, 329, 6375, 44, 16855]",1.0,2135,ml_signal,281,Column definition for ORM mapping,,2120,    #: èµ„äº§æ€»è®¡,"[220, 220, 220, 1303, 25, 5525, 113, 226, 12859, 100, 45250, 119, 164, 106, 94]"
ğŸ§  ML Signal: Column definition for ORM mapping,"[8582, 100, 254, 10373, 26484, 25, 29201, 6770, 329, 6375, 44, 16855]",1.0,2146,ml_signal,283,Column definition for ORM mapping,,2135,    #: è´Ÿå€º,"[220, 220, 220, 1303, 25, 5525, 112, 253, 161, 222, 118]"
ğŸ§  ML Signal: Column definition for ORM mapping,"[8582, 100, 254, 10373, 26484, 25, 29201, 6770, 329, 6375, 44, 16855]",1.0,2162,ml_signal,285,Column definition for ORM mapping,,2146,    #: çŸ­æœŸå€Ÿæ¬¾,"[220, 220, 220, 1303, 25, 13328, 253, 255, 17312, 253, 161, 222, 253, 162, 105, 122]"
ğŸ§  ML Signal: Column definition for ORM mapping,"[8582, 100, 254, 10373, 26484, 25, 29201, 6770, 329, 6375, 44, 16855]",1.0,2177,ml_signal,287,Column definition for ORM mapping,,2162,    #: æ‹†å…¥èµ„é‡‘,"[220, 220, 220, 1303, 25, 10545, 233, 228, 17739, 98, 164, 113, 226, 34932, 239]"
ğŸ§  ML Signal: Column definition for ORM mapping,"[8582, 100, 254, 10373, 26484, 25, 29201, 6770, 329, 6375, 44, 16855]",1.0,2233,ml_signal,289,Column definition for ORM mapping,,2177,    #: ä»¥å…¬å…ä»·å€¼è®¡é‡ä¸”å…¶å˜åŠ¨è®¡å…¥å½“æœŸæŸç›Šçš„é‡‘èè´Ÿå€º,"[220, 220, 220, 1303, 25, 220, 20015, 98, 17739, 105, 17739, 223, 20015, 115, 161, 222, 120, 164, 106, 94, 34932, 237, 10310, 242, 17739, 114, 20998, 246, 27950, 101, 164, 106, 94, 17739, 98, 37605, 241, 17312, 253, 162, 235, 253, 33566, 232, 21410, 34932, 239, 164, 252, 235, 164, 112, 253, 161, 222, 118]"
ğŸ§  ML Signal: Column definition for ORM mapping,"[8582, 100, 254, 10373, 26484, 25, 29201, 6770, 329, 6375, 44, 16855]",1.0,2253,ml_signal,291,Column definition for ORM mapping,,2233,    #: è¡ç”Ÿé‡‘èè´Ÿå€º,"[220, 220, 220, 1303, 25, 5525, 94, 235, 37955, 34932, 239, 164, 252, 235, 164, 112, 253, 161, 222, 118]"
ğŸ§  ML Signal: Column definition for ORM mapping,"[8582, 100, 254, 10373, 26484, 25, 29201, 6770, 329, 6375, 44, 16855]",1.0,2281,ml_signal,293,Column definition for ORM mapping,,2253,    #: å–å‡ºå›è´­é‡‘èèµ„äº§æ¬¾,"[220, 220, 220, 1303, 25, 10263, 235, 244, 49035, 118, 32368, 252, 164, 112, 255, 34932, 239, 164, 252, 235, 164, 113, 226, 12859, 100, 162, 105, 122]"
ğŸ§  ML Signal: Column definition for ORM mapping,"[8582, 100, 254, 10373, 26484, 25, 29201, 6770, 329, 6375, 44, 16855]",1.0,2285,ml_signal,294,Column definition for ORM mapping,,2281,    #,"[220, 220, 220, 1303]"
ğŸ§  ML Signal: Column definition for ORM mapping,"[8582, 100, 254, 10373, 26484, 25, 29201, 6770, 329, 6375, 44, 16855]",1.0,2289,ml_signal,294,Column definition for ORM mapping,,2285,    #,"[220, 220, 220, 1303]"
ğŸ§  ML Signal: Column definition for ORM mapping,"[8582, 100, 254, 10373, 26484, 25, 29201, 6770, 329, 6375, 44, 16855]",1.0,2293,ml_signal,294,Column definition for ORM mapping,,2289,    #,"[220, 220, 220, 1303]"
ğŸ§  ML Signal: Column definition for ORM mapping,"[8582, 100, 254, 10373, 26484, 25, 29201, 6770, 329, 6375, 44, 16855]",1.0,2309,ml_signal,301,Column definition for ORM mapping,,2293,    #: åº”äº¤ç¨è´¹,"[220, 220, 220, 1303, 25, 10263, 118, 242, 12859, 97, 163, 101, 236, 164, 112, 117]"
ğŸ§  ML Signal: Column definition for ORM mapping,"[8582, 100, 254, 10373, 26484, 25, 29201, 6770, 329, 6375, 44, 16855]",1.0,2324,ml_signal,303,Column definition for ORM mapping,,2309,    #: åº”ä»˜åˆ©æ¯,"[220, 220, 220, 1303, 25, 10263, 118, 242, 20015, 246, 26344, 102, 162, 223, 107]"
ğŸ§  ML Signal: Column definition for ORM mapping,"[8582, 100, 254, 10373, 26484, 25, 29201, 6770, 329, 6375, 44, 16855]",1.0,2348,ml_signal,305,Column definition for ORM mapping,,2324,    #: åº”ä»˜çŸ­æœŸèèµ„æ¬¾,"[220, 220, 220, 1303, 25, 10263, 118, 242, 20015, 246, 163, 253, 255, 17312, 253, 164, 252, 235, 164, 113, 226, 162, 105, 122]"
ğŸ§  ML Signal: Column definition for ORM mapping,"[8582, 100, 254, 10373, 26484, 25, 29201, 6770, 329, 6375, 44, 16855]",1.0,2365,ml_signal,307,Column definition for ORM mapping,,2348,    #: é¢„è®¡è´Ÿå€º,"[220, 220, 220, 1303, 25, 16268, 95, 226, 164, 106, 94, 164, 112, 253, 161, 222, 118]"
ğŸ§  ML Signal: Column definition for ORM mapping,"[8582, 100, 254, 10373, 26484, 25, 29201, 6770, 329, 6375, 44, 16855]",1.0,2380,ml_signal,309,Column definition for ORM mapping,,2365,    #: åº”ä»˜å€ºåˆ¸,"[220, 220, 220, 1303, 25, 10263, 118, 242, 20015, 246, 161, 222, 118, 26344, 116]"
ğŸ§  ML Signal: Column definition for ORM mapping,"[8582, 100, 254, 10373, 26484, 25, 29201, 6770, 329, 6375, 44, 16855]",1.0,2404,ml_signal,311,Column definition for ORM mapping,,2380,    #: é€’å»¶æ‰€å¾—ç¨è´Ÿå€º,"[220, 220, 220, 1303, 25, 16268, 222, 240, 161, 119, 114, 33699, 222, 36181, 245, 163, 101, 236, 164, 112, 253, 161, 222, 118]"
ğŸ§  ML Signal: Column definition for ORM mapping,"[8582, 100, 254, 10373, 26484, 25, 29201, 6770, 329, 6375, 44, 16855]",1.0,2420,ml_signal,313,Column definition for ORM mapping,,2404,    #: å…¶ä»–è´Ÿå€º,"[220, 220, 220, 1303, 25, 10263, 227, 114, 20015, 244, 164, 112, 253, 161, 222, 118]"
ğŸ§  ML Signal: Column definition for ORM mapping,"[8582, 100, 254, 10373, 26484, 25, 29201, 6770, 329, 6375, 44, 16855]",1.0,2435,ml_signal,315,Column definition for ORM mapping,,2420,    #: è´Ÿå€ºåˆè®¡,"[220, 220, 220, 1303, 25, 5525, 112, 253, 161, 222, 118, 28938, 42062, 106, 94]"
ğŸ§  ML Signal: Column definition for ORM mapping,"[8582, 100, 254, 10373, 26484, 25, 29201, 6770, 329, 6375, 44, 16855]",1.0,2463,ml_signal,317,Column definition for ORM mapping,,2435,    #: æ‰€æœ‰è€…æƒç›Š(æˆ–è‚¡ä¸œæƒç›Š),"[220, 220, 220, 1303, 25, 10545, 231, 222, 17312, 231, 38519, 30266, 225, 33566, 232, 7, 22755, 244, 164, 224, 94, 10310, 250, 30266, 225, 33566, 232, 8]"
ğŸ§  ML Signal: Column definition for ORM mapping,"[8582, 100, 254, 10373, 26484, 25, 29201, 6770, 329, 6375, 44, 16855]",1.0,2473,ml_signal,319,Column definition for ORM mapping,,2463,    #: è‚¡æœ¬,"[220, 220, 220, 1303, 25, 5525, 224, 94, 17312, 105]"
ğŸ§  ML Signal: Column definition for ORM mapping,"[8582, 100, 254, 10373, 26484, 25, 29201, 6770, 329, 6375, 44, 16855]",1.0,2488,ml_signal,321,Column definition for ORM mapping,,2473,    #: èµ„æœ¬å…¬ç§¯,"[220, 220, 220, 1303, 25, 5525, 113, 226, 17312, 105, 17739, 105, 163, 100, 107]"
ğŸ§  ML Signal: Column definition for ORM mapping,"[8582, 100, 254, 10373, 26484, 25, 29201, 6770, 329, 6375, 44, 16855]",1.0,2506,ml_signal,323,Column definition for ORM mapping,,2488,    #: å…¶ä»–æƒç›Šå·¥å…·,"[220, 220, 220, 1303, 25, 10263, 227, 114, 20015, 244, 30266, 225, 33566, 232, 32432, 98, 17739, 115]"
ğŸ§  ML Signal: Column definition for ORM mapping,"[8582, 100, 254, 10373, 26484, 25, 29201, 6770, 329, 6375, 44, 16855]",1.0,2521,ml_signal,325,Column definition for ORM mapping,,2506,    #: ç›ˆä½™å…¬ç§¯,"[220, 220, 220, 1303, 25, 13328, 249, 230, 19526, 247, 17739, 105, 163, 100, 107]"
ğŸ§  ML Signal: Column definition for ORM mapping,"[8582, 100, 254, 10373, 26484, 25, 29201, 6770, 329, 6375, 44, 16855]",1.0,2539,ml_signal,327,Column definition for ORM mapping,,2521,    #: ä¸€èˆ¬é£é™©å‡†å¤‡,"[220, 220, 220, 1303, 25, 220, 31660, 48958, 105, 45617, 236, 165, 247, 102, 49035, 228, 13783, 229]"
ğŸ§  ML Signal: Column definition for ORM mapping,"[8582, 100, 254, 10373, 26484, 25, 29201, 6770, 329, 6375, 44, 16855]",1.0,2558,ml_signal,329,Column definition for ORM mapping,,2539,    #: äº¤æ˜“é£é™©å‡†å¤‡,"[220, 220, 220, 1303, 25, 220, 12859, 97, 23626, 241, 45617, 236, 165, 247, 102, 49035, 228, 13783, 229]"
ğŸ§  ML Signal: Column definition for ORM mapping,"[8582, 100, 254, 10373, 26484, 25, 29201, 6770, 329, 6375, 44, 16855]",1.0,2575,ml_signal,331,Column definition for ORM mapping,,2558,    #: æœªåˆ†é…åˆ©æ¶¦,"[220, 220, 220, 1303, 25, 42164, 103, 26344, 228, 165, 227, 235, 26344, 102, 162, 114, 99]"
ğŸ§  ML Signal: Column definition for ORM mapping,"[8582, 100, 254, 10373, 26484, 25, 29201, 6770, 329, 6375, 44, 16855]",1.0,2608,ml_signal,333,Column definition for ORM mapping,,2575,    #: å½’å±äºæ¯å…¬å¸è‚¡ä¸œæƒç›Šåˆè®¡,"[220, 220, 220, 1303, 25, 10263, 121, 240, 161, 109, 252, 12859, 236, 162, 107, 235, 17739, 105, 20998, 116, 164, 224, 94, 10310, 250, 30266, 225, 33566, 232, 28938, 42062, 106, 94]"
ğŸ§  ML Signal: Column definition for ORM mapping,"[8582, 100, 254, 10373, 26484, 25, 29201, 6770, 329, 6375, 44, 16855]",1.0,2627,ml_signal,335,Column definition for ORM mapping,,2608,    #: å°‘æ•°è‚¡ä¸œæƒç›Š,"[220, 220, 220, 1303, 25, 10263, 108, 239, 46763, 108, 164, 224, 94, 10310, 250, 30266, 225, 33566, 232]"
ğŸ§  ML Signal: Column definition for ORM mapping,"[8582, 100, 254, 10373, 26484, 25, 29201, 6770, 329, 6375, 44, 16855]",1.0,2645,ml_signal,337,Column definition for ORM mapping,,2627,    #: è‚¡ä¸œæƒç›Šåˆè®¡,"[220, 220, 220, 1303, 25, 5525, 224, 94, 10310, 250, 30266, 225, 33566, 232, 28938, 42062, 106, 94]"
ğŸ§  ML Signal: Column definition for ORM mapping,"[8582, 100, 254, 10373, 26484, 25, 29201, 6770, 329, 6375, 44, 16855]",1.0,2673,ml_signal,339,Column definition for ORM mapping,,2645,    #: è´Ÿå€ºå’Œè‚¡ä¸œæƒç›Šæ€»è®¡,"[220, 220, 220, 1303, 25, 5525, 112, 253, 161, 222, 118, 161, 240, 234, 164, 224, 94, 10310, 250, 30266, 225, 33566, 232, 45250, 119, 164, 106, 94]"
ğŸ§  ML Signal: Column definition for ORM mapping,"[8582, 100, 254, 10373, 26484, 25, 29201, 6770, 329, 6375, 44, 16855]",1.0,2688,ml_signal,341,Column definition for ORM mapping,,2673,    #: ä¿é™©ç›¸å…³,"[220, 220, 220, 1303, 25, 220, 46479, 251, 165, 247, 102, 33566, 116, 17739, 111]"
ğŸ§  ML Signal: Column definition for ORM mapping,"[8582, 100, 254, 10373, 26484, 25, 29201, 6770, 329, 6375, 44, 16855]",1.0,2698,ml_signal,343,Column definition for ORM mapping,,2688,    #: èµ„äº§,"[220, 220, 220, 1303, 25, 5525, 113, 226, 12859, 100]"
ğŸ§  ML Signal: Column definition for ORM mapping,"[8582, 100, 254, 10373, 26484, 25, 29201, 6770, 329, 6375, 44, 16855]",1.0,2714,ml_signal,345,Column definition for ORM mapping,,2698,    fi_premiums_receivable = Column(Float),"[220, 220, 220, 25912, 62, 31605, 1505, 82, 62, 260, 48054, 796, 29201, 7, 43879, 8]"
ğŸ§  ML Signal: Column definition for ORM mapping,"[8582, 100, 254, 10373, 26484, 25, 29201, 6770, 329, 6375, 44, 16855]",1.0,2733,ml_signal,347,Column definition for ORM mapping,,2714,    fi_reinsurance_premium_receivable = Column(Float),"[220, 220, 220, 25912, 62, 260, 1040, 3874, 62, 31605, 1505, 62, 260, 48054, 796, 29201, 7, 43879, 8]"
ğŸ§  ML Signal: Column definition for ORM mapping,"[8582, 100, 254, 10373, 26484, 25, 29201, 6770, 329, 6375, 44, 16855]",1.0,2751,ml_signal,349,Column definition for ORM mapping,,2733,    fi_reinsurance_contract_reserve = Column(Float),"[220, 220, 220, 25912, 62, 260, 1040, 3874, 62, 28484, 62, 411, 3760, 796, 29201, 7, 43879, 8]"
ğŸ§  ML Signal: Column definition for ORM mapping,"[8582, 100, 254, 10373, 26484, 25, 29201, 6770, 329, 6375, 44, 16855]",1.0,2768,ml_signal,351,Column definition for ORM mapping,,2751,    fi_policy_pledge_loans = Column(Float),"[220, 220, 220, 25912, 62, 30586, 62, 10137, 469, 62, 5439, 504, 796, 29201, 7, 43879, 8]"
ğŸ§  ML Signal: Column definition for ORM mapping,"[8582, 100, 254, 10373, 26484, 25, 29201, 6770, 329, 6375, 44, 16855]",1.0,2783,ml_signal,353,Column definition for ORM mapping,,2768,    #: å®šæœŸå­˜æ¬¾,"[220, 220, 220, 1303, 25, 10263, 106, 248, 17312, 253, 27764, 246, 162, 105, 122]"
ğŸ§  ML Signal: Column definition for ORM mapping,"[8582, 100, 254, 10373, 26484, 25, 29201, 6770, 329, 6375, 44, 16855]",1.0,2809,ml_signal,355,Column definition for ORM mapping,,2783,    #: å¯ä¾›å‡ºå”®é‡‘èèµ„äº§,"[220, 220, 220, 1303, 25, 10263, 237, 107, 160, 122, 249, 49035, 118, 161, 242, 106, 34932, 239, 164, 252, 235, 164, 113, 226, 12859, 100]"
ğŸ§  ML Signal: Column definition for ORM mapping,"[8582, 100, 254, 10373, 26484, 25, 29201, 6770, 329, 6375, 44, 16855]",1.0,2832,ml_signal,357,Column definition for ORM mapping,,2809,    #: æŒæœ‰è‡³åˆ°æœŸæŠ•èµ„,"[220, 220, 220, 1303, 25, 10545, 234, 223, 17312, 231, 164, 229, 111, 26344, 108, 17312, 253, 162, 232, 243, 164, 113, 226]"
ğŸ§  ML Signal: Column definition for ORM mapping,"[8582, 100, 254, 10373, 26484, 25, 29201, 6770, 329, 6375, 44, 16855]",1.0,2857,ml_signal,359,Column definition for ORM mapping,,2832,    #: åº”æ”¶æ¬¾é¡¹ç±»æŠ•èµ„,"[220, 220, 220, 1303, 25, 10263, 118, 242, 162, 242, 35050, 105, 122, 165, 94, 117, 163, 109, 119, 162, 232, 243, 164, 113, 226]"
ğŸ§  ML Signal: Column definition for ORM mapping,"[8582, 100, 254, 10373, 26484, 25, 29201, 6770, 329, 6375, 44, 16855]",1.0,2874,ml_signal,361,Column definition for ORM mapping,,2857,    #: åº”æ”¶è´¦æ¬¾,"[220, 220, 220, 1303, 25, 10263, 118, 242, 162, 242, 114, 164, 112, 99, 162, 105, 122]"
ğŸ§  ML Signal: Column definition for ORM mapping,"[8582, 100, 254, 10373, 26484, 25, 29201, 6770, 329, 6375, 44, 16855]",1.0,2895,ml_signal,363,Column definition for ORM mapping,,2874,    #: é•¿æœŸè‚¡æƒæŠ•èµ„,"[220, 220, 220, 1303, 25, 16268, 243, 123, 17312, 253, 164, 224, 94, 30266, 225, 162, 232, 243, 164, 113, 226]"
ğŸ§  ML Signal: Column definition for ORM mapping,"[8582, 100, 254, 10373, 26484, 25, 29201, 6770, 329, 6375, 44, 16855]",1.0,2916,ml_signal,365,Column definition for ORM mapping,,2895,    #: å­˜å‡ºèµ„æœ¬ä¿è¯é‡‘,"[220, 220, 220, 1303, 25, 10263, 255, 246, 49035, 118, 164, 113, 226, 17312, 105, 46479, 251, 46237, 223, 34932, 239]"
ğŸ§  ML Signal: Column definition for ORM mapping,"[8582, 100, 254, 10373, 26484, 25, 29201, 6770, 329, 6375, 44, 16855]",1.0,2935,ml_signal,367,Column definition for ORM mapping,,2916,    #: æŠ•èµ„æ€§æˆ¿åœ°äº§,"[220, 220, 220, 1303, 25, 10545, 232, 243, 164, 113, 226, 45250, 100, 22755, 123, 28839, 108, 12859, 100]"
ğŸ§  ML Signal: Column definition for ORM mapping,"[8582, 100, 254, 10373, 26484, 25, 29201, 6770, 329, 6375, 44, 16855]",1.0,2954,ml_signal,367,Column definition for ORM mapping,,2935,    #: æŠ•èµ„æ€§æˆ¿åœ°äº§,"[220, 220, 220, 1303, 25, 10545, 232, 243, 164, 113, 226, 45250, 100, 22755, 123, 28839, 108, 12859, 100]"
ğŸ§  ML Signal: Column definition for ORM mapping,"[8582, 100, 254, 10373, 26484, 25, 29201, 6770, 329, 6375, 44, 16855]",1.0,2973,ml_signal,367,Column definition for ORM mapping,,2954,    #: æŠ•èµ„æ€§æˆ¿åœ°äº§,"[220, 220, 220, 1303, 25, 10545, 232, 243, 164, 113, 226, 45250, 100, 22755, 123, 28839, 108, 12859, 100]"
âœ… Best Practice: Use of @classmethod for methods that operate on the class itself rather than instances,"[26486, 227, 6705, 19939, 25, 5765, 286, 2488, 4871, 24396, 329, 5050, 326, 8076, 319, 262, 1398, 2346, 2138, 621, 10245]",1.0,2993,best_practice,291,Use of @classmethod for methods that operate on the class itself rather than instances,,2973,    #: è¡ç”Ÿé‡‘èè´Ÿå€º,"[220, 220, 220, 1303, 25, 5525, 94, 235, 37955, 34932, 239, 164, 252, 235, 164, 112, 253, 161, 222, 118]"
âœ… Best Practice: Consider using a class method decorator for clarity and convention.,"[26486, 227, 6705, 19939, 25, 12642, 1262, 257, 1398, 2446, 11705, 1352, 329, 16287, 290, 9831, 13]",1.0,3021,best_practice,293,Consider using a class method decorator for clarity and convention.,,2993,    #: å–å‡ºå›è´­é‡‘èèµ„äº§æ¬¾,"[220, 220, 220, 1303, 25, 10263, 235, 244, 49035, 118, 32368, 252, 164, 112, 255, 34932, 239, 164, 252, 235, 164, 113, 226, 12859, 100, 162, 105, 122]"
ğŸ§  ML Signal: Use of a specific table name in a database schema.,"[8582, 100, 254, 10373, 26484, 25, 5765, 286, 257, 2176, 3084, 1438, 287, 257, 6831, 32815, 13]",1.0,3038,ml_signal,306,Use of a specific table name in a database schema.,,3021,    fi_short_financing_payable = Column(Float),"[220, 220, 220, 25912, 62, 19509, 62, 15643, 5077, 62, 15577, 540, 796, 29201, 7, 43879, 8]"
ğŸ§  ML Signal: Use of SQLAlchemy Column definitions for ORM mapping.,"[8582, 100, 254, 10373, 26484, 25, 5765, 286, 16363, 2348, 26599, 29201, 17336, 329, 6375, 44, 16855, 13]",0.5,3042,ml_signal,308,Use of SQLAlchemy Column definitions for ORM mapping.,,3038,    #,"[220, 220, 220, 1303]"
ğŸ§  ML Signal: Use of SQLAlchemy Column definitions for ORM mapping.,"[8582, 100, 254, 10373, 26484, 25, 5765, 286, 16363, 2348, 26599, 29201, 17336, 329, 6375, 44, 16855, 13]",0.5,3046,ml_signal,310,Use of SQLAlchemy Column definitions for ORM mapping.,,3042,    #,"[220, 220, 220, 1303]"
ğŸ§  ML Signal: Use of SQLAlchemy Column definitions for ORM mapping.,"[8582, 100, 254, 10373, 26484, 25, 5765, 286, 16363, 2348, 26599, 29201, 17336, 329, 6375, 44, 16855, 13]",0.5,3050,ml_signal,312,Use of SQLAlchemy Column definitions for ORM mapping.,,3046,    #,"[220, 220, 220, 1303]"
ğŸ§  ML Signal: Use of SQLAlchemy Column definitions for ORM mapping.,"[8582, 100, 254, 10373, 26484, 25, 5765, 286, 16363, 2348, 26599, 29201, 17336, 329, 6375, 44, 16855, 13]",0.5,3054,ml_signal,314,Use of SQLAlchemy Column definitions for ORM mapping.,,3050,    #,"[220, 220, 220, 1303]"
ğŸ§  ML Signal: Use of SQLAlchemy Column definitions for ORM mapping.,"[8582, 100, 254, 10373, 26484, 25, 5765, 286, 16363, 2348, 26599, 29201, 17336, 329, 6375, 44, 16855, 13]",0.5,3058,ml_signal,316,Use of SQLAlchemy Column definitions for ORM mapping.,,3054,    #,"[220, 220, 220, 1303]"
ğŸ§  ML Signal: Use of SQLAlchemy Column definitions for ORM mapping.,"[8582, 100, 254, 10373, 26484, 25, 5765, 286, 16363, 2348, 26599, 29201, 17336, 329, 6375, 44, 16855, 13]",0.5,3062,ml_signal,318,Use of SQLAlchemy Column definitions for ORM mapping.,,3058,    #,"[220, 220, 220, 1303]"
ğŸ§  ML Signal: Use of SQLAlchemy Column definitions for ORM mapping.,"[8582, 100, 254, 10373, 26484, 25, 5765, 286, 16363, 2348, 26599, 29201, 17336, 329, 6375, 44, 16855, 13]",0.5,3066,ml_signal,320,Use of SQLAlchemy Column definitions for ORM mapping.,,3062,    #,"[220, 220, 220, 1303]"
ğŸ§  ML Signal: Use of SQLAlchemy Column definitions for ORM mapping.,"[8582, 100, 254, 10373, 26484, 25, 5765, 286, 16363, 2348, 26599, 29201, 17336, 329, 6375, 44, 16855, 13]",0.5,3070,ml_signal,322,Use of SQLAlchemy Column definitions for ORM mapping.,,3066,    #,"[220, 220, 220, 1303]"
ğŸ§  ML Signal: Use of SQLAlchemy Column definitions for ORM mapping.,"[8582, 100, 254, 10373, 26484, 25, 5765, 286, 16363, 2348, 26599, 29201, 17336, 329, 6375, 44, 16855, 13]",0.5,3074,ml_signal,324,Use of SQLAlchemy Column definitions for ORM mapping.,,3070,    #,"[220, 220, 220, 1303]"
ğŸ§  ML Signal: Use of SQLAlchemy Column definitions for ORM mapping.,"[8582, 100, 254, 10373, 26484, 25, 5765, 286, 16363, 2348, 26599, 29201, 17336, 329, 6375, 44, 16855, 13]",0.5,3078,ml_signal,326,Use of SQLAlchemy Column definitions for ORM mapping.,,3074,    #,"[220, 220, 220, 1303]"
ğŸ§  ML Signal: Use of SQLAlchemy Column definitions for ORM mapping.,"[8582, 100, 254, 10373, 26484, 25, 5765, 286, 16363, 2348, 26599, 29201, 17336, 329, 6375, 44, 16855, 13]",0.5,3082,ml_signal,328,Use of SQLAlchemy Column definitions for ORM mapping.,,3078,    #,"[220, 220, 220, 1303]"
ğŸ§  ML Signal: Use of SQLAlchemy Column definitions for ORM mapping.,"[8582, 100, 254, 10373, 26484, 25, 5765, 286, 16363, 2348, 26599, 29201, 17336, 329, 6375, 44, 16855, 13]",0.5,3098,ml_signal,330,Use of SQLAlchemy Column definitions for ORM mapping.,,3082,    fi_trade_risk_reserve = Column(Float),"[220, 220, 220, 25912, 62, 25351, 62, 19121, 62, 411, 3760, 796, 29201, 7, 43879, 8]"
ğŸ§  ML Signal: Use of SQLAlchemy Column definitions for ORM mapping.,"[8582, 100, 254, 10373, 26484, 25, 5765, 286, 16363, 2348, 26599, 29201, 17336, 329, 6375, 44, 16855, 13]",0.5,3102,ml_signal,332,Use of SQLAlchemy Column definitions for ORM mapping.,,3098,    #,"[220, 220, 220, 1303]"
ğŸ§  ML Signal: Use of SQLAlchemy Column definitions for ORM mapping.,"[8582, 100, 254, 10373, 26484, 25, 5765, 286, 16363, 2348, 26599, 29201, 17336, 329, 6375, 44, 16855, 13]",0.5,3106,ml_signal,334,Use of SQLAlchemy Column definitions for ORM mapping.,,3102,    #,"[220, 220, 220, 1303]"
ğŸ§  ML Signal: Use of SQLAlchemy Column definitions for ORM mapping.,"[8582, 100, 254, 10373, 26484, 25, 5765, 286, 16363, 2348, 26599, 29201, 17336, 329, 6375, 44, 16855, 13]",0.5,3110,ml_signal,336,Use of SQLAlchemy Column definitions for ORM mapping.,,3106,    #,"[220, 220, 220, 1303]"
ğŸ§  ML Signal: Use of SQLAlchemy Column definitions for ORM mapping.,"[8582, 100, 254, 10373, 26484, 25, 5765, 286, 16363, 2348, 26599, 29201, 17336, 329, 6375, 44, 16855, 13]",0.5,3114,ml_signal,338,Use of SQLAlchemy Column definitions for ORM mapping.,,3110,    #,"[220, 220, 220, 1303]"
ğŸ§  ML Signal: Use of SQLAlchemy Column definitions for ORM mapping.,"[8582, 100, 254, 10373, 26484, 25, 5765, 286, 16363, 2348, 26599, 29201, 17336, 329, 6375, 44, 16855, 13]",0.5,3114,ml_signal,340,Use of SQLAlchemy Column definitions for ORM mapping.,,3114,,[]
ğŸ§  ML Signal: Use of SQLAlchemy Column definitions for ORM mapping.,"[8582, 100, 254, 10373, 26484, 25, 5765, 286, 16363, 2348, 26599, 29201, 17336, 329, 6375, 44, 16855, 13]",0.5,3114,ml_signal,342,Use of SQLAlchemy Column definitions for ORM mapping.,,3114,,[]
ğŸ§  ML Signal: Use of SQLAlchemy Column definitions for ORM mapping.,"[8582, 100, 254, 10373, 26484, 25, 5765, 286, 16363, 2348, 26599, 29201, 17336, 329, 6375, 44, 16855, 13]",0.5,3130,ml_signal,344,Use of SQLAlchemy Column definitions for ORM mapping.,,3114,    #: åº”æ”¶ä¿è´¹,"[220, 220, 220, 1303, 25, 10263, 118, 242, 162, 242, 114, 46479, 251, 164, 112, 117]"
ğŸ§  ML Signal: Use of SQLAlchemy Column definitions for ORM mapping.,"[8582, 100, 254, 10373, 26484, 25, 5765, 286, 16363, 2348, 26599, 29201, 17336, 329, 6375, 44, 16855, 13]",0.5,3151,ml_signal,346,Use of SQLAlchemy Column definitions for ORM mapping.,,3130,    #: åº”æ”¶åˆ†ä¿è´¦æ¬¾,"[220, 220, 220, 1303, 25, 10263, 118, 242, 162, 242, 114, 26344, 228, 46479, 251, 164, 112, 99, 162, 105, 122]"
ğŸ§  ML Signal: Use of SQLAlchemy Column definitions for ORM mapping.,"[8582, 100, 254, 10373, 26484, 25, 5765, 286, 16363, 2348, 26599, 29201, 17336, 329, 6375, 44, 16855, 13]",0.5,3176,ml_signal,348,Use of SQLAlchemy Column definitions for ORM mapping.,,3151,    #: åº”æ”¶åˆ†ä¿åˆåŒå‡†å¤‡é‡‘,"[220, 220, 220, 1303, 25, 10263, 118, 242, 162, 242, 114, 26344, 228, 46479, 251, 28938, 230, 28938, 234, 49035, 228, 13783, 229, 34932, 239]"
ğŸ§  ML Signal: Use of SQLAlchemy Column definitions for ORM mapping.,"[8582, 100, 254, 10373, 26484, 25, 5765, 286, 16363, 2348, 26599, 29201, 17336, 329, 6375, 44, 16855, 13]",0.5,3198,ml_signal,350,Use of SQLAlchemy Column definitions for ORM mapping.,,3176,    #: ä¿æˆ·è´¨æŠ¼è´·æ¬¾,"[220, 220, 220, 1303, 25, 220, 46479, 251, 22755, 115, 164, 112, 101, 162, 232, 120, 164, 112, 115, 162, 105, 122]"
ğŸ§  ML Signal: Use of SQLAlchemy Column definitions for ORM mapping.,"[8582, 100, 254, 10373, 26484, 25, 5765, 286, 16363, 2348, 26599, 29201, 17336, 329, 6375, 44, 16855, 13]",0.5,3223,ml_signal,352,Use of SQLAlchemy Column definitions for ORM mapping.,,3198,    #: å‘æ”¾è´·æ¬¾åŠå«æ¬¾,"[220, 220, 220, 1303, 25, 10263, 237, 239, 162, 242, 122, 164, 112, 115, 162, 105, 122, 20998, 232, 161, 252, 104, 162, 105, 122]"
ğŸ§  ML Signal: Use of SQLAlchemy Column definitions for ORM mapping.,"[8582, 100, 254, 10373, 26484, 25, 5765, 286, 16363, 2348, 26599, 29201, 17336, 329, 6375, 44, 16855, 13]",0.5,3237,ml_signal,354,Use of SQLAlchemy Column definitions for ORM mapping.,,3223,    fi_time_deposit = Column(Float),"[220, 220, 220, 25912, 62, 2435, 62, 10378, 7434, 796, 29201, 7, 43879, 8]"
ğŸ§  ML Signal: Use of SQLAlchemy Column definitions for ORM mapping.,"[8582, 100, 254, 10373, 26484, 25, 5765, 286, 16363, 2348, 26599, 29201, 17336, 329, 6375, 44, 16855, 13]",0.5,3241,ml_signal,356,Use of SQLAlchemy Column definitions for ORM mapping.,,3237,    #,"[220, 220, 220, 1303]"
ğŸ§  ML Signal: Use of SQLAlchemy Column definitions for ORM mapping.,"[8582, 100, 254, 10373, 26484, 25, 5765, 286, 16363, 2348, 26599, 29201, 17336, 329, 6375, 44, 16855, 13]",0.5,3245,ml_signal,358,Use of SQLAlchemy Column definitions for ORM mapping.,,3241,    #,"[220, 220, 220, 1303]"
ğŸ§  ML Signal: Use of SQLAlchemy Column definitions for ORM mapping.,"[8582, 100, 254, 10373, 26484, 25, 5765, 286, 16363, 2348, 26599, 29201, 17336, 329, 6375, 44, 16855, 13]",0.5,3249,ml_signal,360,Use of SQLAlchemy Column definitions for ORM mapping.,,3245,    #,"[220, 220, 220, 1303]"
ğŸ§  ML Signal: Use of SQLAlchemy Column definitions for ORM mapping.,"[8582, 100, 254, 10373, 26484, 25, 5765, 286, 16363, 2348, 26599, 29201, 17336, 329, 6375, 44, 16855, 13]",0.5,3253,ml_signal,362,Use of SQLAlchemy Column definitions for ORM mapping.,,3249,    #,"[220, 220, 220, 1303]"
ğŸ§  ML Signal: Use of SQLAlchemy Column definitions for ORM mapping.,"[8582, 100, 254, 10373, 26484, 25, 5765, 286, 16363, 2348, 26599, 29201, 17336, 329, 6375, 44, 16855, 13]",0.5,3257,ml_signal,364,Use of SQLAlchemy Column definitions for ORM mapping.,,3253,    #,"[220, 220, 220, 1303]"
ğŸ§  ML Signal: Use of SQLAlchemy Column definitions for ORM mapping.,"[8582, 100, 254, 10373, 26484, 25, 5765, 286, 16363, 2348, 26599, 29201, 17336, 329, 6375, 44, 16855, 13]",0.5,3277,ml_signal,366,Use of SQLAlchemy Column definitions for ORM mapping.,,3257,    fi_deposit_for_capital_recognizance = Column(Float),"[220, 220, 220, 25912, 62, 10378, 7434, 62, 1640, 62, 27544, 62, 26243, 528, 590, 796, 29201, 7, 43879, 8]"
ğŸ§  ML Signal: Use of SQLAlchemy Column definitions for ORM mapping.,"[8582, 100, 254, 10373, 26484, 25, 5765, 286, 16363, 2348, 26599, 29201, 17336, 329, 6375, 44, 16855, 13]",0.5,3296,ml_signal,367,Use of SQLAlchemy Column definitions for ORM mapping.,,3277,    #: æŠ•èµ„æ€§æˆ¿åœ°äº§,"[220, 220, 220, 1303, 25, 10545, 232, 243, 164, 113, 226, 45250, 100, 22755, 123, 28839, 108, 12859, 100]"
ğŸ§  ML Signal: Use of SQLAlchemy Column definitions for ORM mapping.,"[8582, 100, 254, 10373, 26484, 25, 5765, 286, 16363, 2348, 26599, 29201, 17336, 329, 6375, 44, 16855, 13]",0.5,3315,ml_signal,367,Use of SQLAlchemy Column definitions for ORM mapping.,,3296,    #: æŠ•èµ„æ€§æˆ¿åœ°äº§,"[220, 220, 220, 1303, 25, 10545, 232, 243, 164, 113, 226, 45250, 100, 22755, 123, 28839, 108, 12859, 100]"
ğŸ§  ML Signal: Use of SQLAlchemy Column definitions for ORM mapping.,"[8582, 100, 254, 10373, 26484, 25, 5765, 286, 16363, 2348, 26599, 29201, 17336, 329, 6375, 44, 16855, 13]",0.5,3334,ml_signal,367,Use of SQLAlchemy Column definitions for ORM mapping.,,3315,    #: æŠ•èµ„æ€§æˆ¿åœ°äº§,"[220, 220, 220, 1303, 25, 10545, 232, 243, 164, 113, 226, 45250, 100, 22755, 123, 28839, 108, 12859, 100]"
ğŸ§  ML Signal: Use of SQLAlchemy Column definitions for ORM mapping.,"[8582, 100, 254, 10373, 26484, 25, 5765, 286, 16363, 2348, 26599, 29201, 17336, 329, 6375, 44, 16855, 13]",0.5,3353,ml_signal,367,Use of SQLAlchemy Column definitions for ORM mapping.,,3334,    #: æŠ•èµ„æ€§æˆ¿åœ°äº§,"[220, 220, 220, 1303, 25, 10545, 232, 243, 164, 113, 226, 45250, 100, 22755, 123, 28839, 108, 12859, 100]"
ğŸ§  ML Signal: Use of SQLAlchemy Column definitions for ORM mapping.,"[8582, 100, 254, 10373, 26484, 25, 5765, 286, 16363, 2348, 26599, 29201, 17336, 329, 6375, 44, 16855, 13]",0.5,3372,ml_signal,367,Use of SQLAlchemy Column definitions for ORM mapping.,,3353,    #: æŠ•èµ„æ€§æˆ¿åœ°äº§,"[220, 220, 220, 1303, 25, 10545, 232, 243, 164, 113, 226, 45250, 100, 22755, 123, 28839, 108, 12859, 100]"
ğŸ§  ML Signal: Use of SQLAlchemy Column definitions for ORM mapping.,"[8582, 100, 254, 10373, 26484, 25, 5765, 286, 16363, 2348, 26599, 29201, 17336, 329, 6375, 44, 16855, 13]",0.5,3391,ml_signal,367,Use of SQLAlchemy Column definitions for ORM mapping.,,3372,    #: æŠ•èµ„æ€§æˆ¿åœ°äº§,"[220, 220, 220, 1303, 25, 10545, 232, 243, 164, 113, 226, 45250, 100, 22755, 123, 28839, 108, 12859, 100]"
ğŸ§  ML Signal: Use of SQLAlchemy Column definitions for ORM mapping.,"[8582, 100, 254, 10373, 26484, 25, 5765, 286, 16363, 2348, 26599, 29201, 17336, 329, 6375, 44, 16855, 13]",0.5,3410,ml_signal,367,Use of SQLAlchemy Column definitions for ORM mapping.,,3391,    #: æŠ•èµ„æ€§æˆ¿åœ°äº§,"[220, 220, 220, 1303, 25, 10545, 232, 243, 164, 113, 226, 45250, 100, 22755, 123, 28839, 108, 12859, 100]"
ğŸ§  ML Signal: Use of SQLAlchemy Column definitions for ORM mapping.,"[8582, 100, 254, 10373, 26484, 25, 5765, 286, 16363, 2348, 26599, 29201, 17336, 329, 6375, 44, 16855, 13]",0.5,3429,ml_signal,367,Use of SQLAlchemy Column definitions for ORM mapping.,,3410,    #: æŠ•èµ„æ€§æˆ¿åœ°äº§,"[220, 220, 220, 1303, 25, 10545, 232, 243, 164, 113, 226, 45250, 100, 22755, 123, 28839, 108, 12859, 100]"
ğŸ§  ML Signal: Use of SQLAlchemy Column definitions for ORM mapping.,"[8582, 100, 254, 10373, 26484, 25, 5765, 286, 16363, 2348, 26599, 29201, 17336, 329, 6375, 44, 16855, 13]",0.5,3448,ml_signal,367,Use of SQLAlchemy Column definitions for ORM mapping.,,3429,    #: æŠ•èµ„æ€§æˆ¿åœ°äº§,"[220, 220, 220, 1303, 25, 10545, 232, 243, 164, 113, 226, 45250, 100, 22755, 123, 28839, 108, 12859, 100]"
ğŸ§  ML Signal: Use of SQLAlchemy Column definitions for ORM mapping.,"[8582, 100, 254, 10373, 26484, 25, 5765, 286, 16363, 2348, 26599, 29201, 17336, 329, 6375, 44, 16855, 13]",0.5,3467,ml_signal,367,Use of SQLAlchemy Column definitions for ORM mapping.,,3448,    #: æŠ•èµ„æ€§æˆ¿åœ°äº§,"[220, 220, 220, 1303, 25, 10545, 232, 243, 164, 113, 226, 45250, 100, 22755, 123, 28839, 108, 12859, 100]"
ğŸ§  ML Signal: Use of SQLAlchemy Column definitions for ORM mapping.,"[8582, 100, 254, 10373, 26484, 25, 5765, 286, 16363, 2348, 26599, 29201, 17336, 329, 6375, 44, 16855, 13]",0.5,3486,ml_signal,367,Use of SQLAlchemy Column definitions for ORM mapping.,,3467,    #: æŠ•èµ„æ€§æˆ¿åœ°äº§,"[220, 220, 220, 1303, 25, 10545, 232, 243, 164, 113, 226, 45250, 100, 22755, 123, 28839, 108, 12859, 100]"
ğŸ§  ML Signal: Use of SQLAlchemy Column definitions for ORM mapping.,"[8582, 100, 254, 10373, 26484, 25, 5765, 286, 16363, 2348, 26599, 29201, 17336, 329, 6375, 44, 16855, 13]",0.5,3505,ml_signal,367,Use of SQLAlchemy Column definitions for ORM mapping.,,3486,    #: æŠ•èµ„æ€§æˆ¿åœ°äº§,"[220, 220, 220, 1303, 25, 10545, 232, 243, 164, 113, 226, 45250, 100, 22755, 123, 28839, 108, 12859, 100]"
ğŸ§  ML Signal: Use of SQLAlchemy Column definitions for ORM mapping.,"[8582, 100, 254, 10373, 26484, 25, 5765, 286, 16363, 2348, 26599, 29201, 17336, 329, 6375, 44, 16855, 13]",0.5,3524,ml_signal,367,Use of SQLAlchemy Column definitions for ORM mapping.,,3505,    #: æŠ•èµ„æ€§æˆ¿åœ°äº§,"[220, 220, 220, 1303, 25, 10545, 232, 243, 164, 113, 226, 45250, 100, 22755, 123, 28839, 108, 12859, 100]"
ğŸ§  ML Signal: Use of SQLAlchemy Column definitions for ORM mapping.,"[8582, 100, 254, 10373, 26484, 25, 5765, 286, 16363, 2348, 26599, 29201, 17336, 329, 6375, 44, 16855, 13]",0.5,3543,ml_signal,367,Use of SQLAlchemy Column definitions for ORM mapping.,,3524,    #: æŠ•èµ„æ€§æˆ¿åœ°äº§,"[220, 220, 220, 1303, 25, 10545, 232, 243, 164, 113, 226, 45250, 100, 22755, 123, 28839, 108, 12859, 100]"
ğŸ§  ML Signal: Use of SQLAlchemy Column definitions for ORM mapping.,"[8582, 100, 254, 10373, 26484, 25, 5765, 286, 16363, 2348, 26599, 29201, 17336, 329, 6375, 44, 16855, 13]",0.5,3562,ml_signal,367,Use of SQLAlchemy Column definitions for ORM mapping.,,3543,    #: æŠ•èµ„æ€§æˆ¿åœ°äº§,"[220, 220, 220, 1303, 25, 10545, 232, 243, 164, 113, 226, 45250, 100, 22755, 123, 28839, 108, 12859, 100]"
ğŸ§  ML Signal: Use of SQLAlchemy Column definitions for ORM mapping.,"[8582, 100, 254, 10373, 26484, 25, 5765, 286, 16363, 2348, 26599, 29201, 17336, 329, 6375, 44, 16855, 13]",0.5,3581,ml_signal,367,Use of SQLAlchemy Column definitions for ORM mapping.,,3562,    #: æŠ•èµ„æ€§æˆ¿åœ°äº§,"[220, 220, 220, 1303, 25, 10545, 232, 243, 164, 113, 226, 45250, 100, 22755, 123, 28839, 108, 12859, 100]"
ğŸ§  ML Signal: Use of SQLAlchemy Column definitions for ORM mapping.,"[8582, 100, 254, 10373, 26484, 25, 5765, 286, 16363, 2348, 26599, 29201, 17336, 329, 6375, 44, 16855, 13]",0.5,3600,ml_signal,367,Use of SQLAlchemy Column definitions for ORM mapping.,,3581,    #: æŠ•èµ„æ€§æˆ¿åœ°äº§,"[220, 220, 220, 1303, 25, 10545, 232, 243, 164, 113, 226, 45250, 100, 22755, 123, 28839, 108, 12859, 100]"
ğŸ§  ML Signal: Use of SQLAlchemy Column definitions for ORM mapping.,"[8582, 100, 254, 10373, 26484, 25, 5765, 286, 16363, 2348, 26599, 29201, 17336, 329, 6375, 44, 16855, 13]",0.5,3619,ml_signal,367,Use of SQLAlchemy Column definitions for ORM mapping.,,3600,    #: æŠ•èµ„æ€§æˆ¿åœ°äº§,"[220, 220, 220, 1303, 25, 10545, 232, 243, 164, 113, 226, 45250, 100, 22755, 123, 28839, 108, 12859, 100]"
ğŸ§  ML Signal: Use of SQLAlchemy Column definitions for ORM mapping.,"[8582, 100, 254, 10373, 26484, 25, 5765, 286, 16363, 2348, 26599, 29201, 17336, 329, 6375, 44, 16855, 13]",0.5,3638,ml_signal,367,Use of SQLAlchemy Column definitions for ORM mapping.,,3619,    #: æŠ•èµ„æ€§æˆ¿åœ°äº§,"[220, 220, 220, 1303, 25, 10545, 232, 243, 164, 113, 226, 45250, 100, 22755, 123, 28839, 108, 12859, 100]"
ğŸ§  ML Signal: Use of SQLAlchemy Column definitions for ORM mapping.,"[8582, 100, 254, 10373, 26484, 25, 5765, 286, 16363, 2348, 26599, 29201, 17336, 329, 6375, 44, 16855, 13]",0.5,3657,ml_signal,367,Use of SQLAlchemy Column definitions for ORM mapping.,,3638,    #: æŠ•èµ„æ€§æˆ¿åœ°äº§,"[220, 220, 220, 1303, 25, 10545, 232, 243, 164, 113, 226, 45250, 100, 22755, 123, 28839, 108, 12859, 100]"
ğŸ§  ML Signal: Use of SQLAlchemy Column definitions for ORM mapping.,"[8582, 100, 254, 10373, 26484, 25, 5765, 286, 16363, 2348, 26599, 29201, 17336, 329, 6375, 44, 16855, 13]",0.5,3676,ml_signal,367,Use of SQLAlchemy Column definitions for ORM mapping.,,3657,    #: æŠ•èµ„æ€§æˆ¿åœ°äº§,"[220, 220, 220, 1303, 25, 10545, 232, 243, 164, 113, 226, 45250, 100, 22755, 123, 28839, 108, 12859, 100]"
ğŸ§  ML Signal: Use of SQLAlchemy Column definitions for ORM mapping.,"[8582, 100, 254, 10373, 26484, 25, 5765, 286, 16363, 2348, 26599, 29201, 17336, 329, 6375, 44, 16855, 13]",0.5,3695,ml_signal,367,Use of SQLAlchemy Column definitions for ORM mapping.,,3676,    #: æŠ•èµ„æ€§æˆ¿åœ°äº§,"[220, 220, 220, 1303, 25, 10545, 232, 243, 164, 113, 226, 45250, 100, 22755, 123, 28839, 108, 12859, 100]"
ğŸ§  ML Signal: Use of SQLAlchemy Column definitions for ORM mapping.,"[8582, 100, 254, 10373, 26484, 25, 5765, 286, 16363, 2348, 26599, 29201, 17336, 329, 6375, 44, 16855, 13]",0.5,3714,ml_signal,367,Use of SQLAlchemy Column definitions for ORM mapping.,,3695,    #: æŠ•èµ„æ€§æˆ¿åœ°äº§,"[220, 220, 220, 1303, 25, 10545, 232, 243, 164, 113, 226, 45250, 100, 22755, 123, 28839, 108, 12859, 100]"
ğŸ§  ML Signal: Use of SQLAlchemy Column definitions for ORM mapping.,"[8582, 100, 254, 10373, 26484, 25, 5765, 286, 16363, 2348, 26599, 29201, 17336, 329, 6375, 44, 16855, 13]",0.5,3733,ml_signal,367,Use of SQLAlchemy Column definitions for ORM mapping.,,3714,    #: æŠ•èµ„æ€§æˆ¿åœ°äº§,"[220, 220, 220, 1303, 25, 10545, 232, 243, 164, 113, 226, 45250, 100, 22755, 123, 28839, 108, 12859, 100]"
ğŸ§  ML Signal: Use of SQLAlchemy Column definitions for ORM mapping.,"[8582, 100, 254, 10373, 26484, 25, 5765, 286, 16363, 2348, 26599, 29201, 17336, 329, 6375, 44, 16855, 13]",0.5,3752,ml_signal,367,Use of SQLAlchemy Column definitions for ORM mapping.,,3733,    #: æŠ•èµ„æ€§æˆ¿åœ°äº§,"[220, 220, 220, 1303, 25, 10545, 232, 243, 164, 113, 226, 45250, 100, 22755, 123, 28839, 108, 12859, 100]"
ğŸ§  ML Signal: Use of SQLAlchemy Column definitions for ORM mapping.,"[8582, 100, 254, 10373, 26484, 25, 5765, 286, 16363, 2348, 26599, 29201, 17336, 329, 6375, 44, 16855, 13]",0.5,3771,ml_signal,367,Use of SQLAlchemy Column definitions for ORM mapping.,,3752,    #: æŠ•èµ„æ€§æˆ¿åœ°äº§,"[220, 220, 220, 1303, 25, 10545, 232, 243, 164, 113, 226, 45250, 100, 22755, 123, 28839, 108, 12859, 100]"
ğŸ§  ML Signal: Use of SQLAlchemy Column definitions for ORM mapping.,"[8582, 100, 254, 10373, 26484, 25, 5765, 286, 16363, 2348, 26599, 29201, 17336, 329, 6375, 44, 16855, 13]",0.5,3790,ml_signal,367,Use of SQLAlchemy Column definitions for ORM mapping.,,3771,    #: æŠ•èµ„æ€§æˆ¿åœ°äº§,"[220, 220, 220, 1303, 25, 10545, 232, 243, 164, 113, 226, 45250, 100, 22755, 123, 28839, 108, 12859, 100]"
ğŸ§  ML Signal: Use of SQLAlchemy Column definitions for ORM mapping.,"[8582, 100, 254, 10373, 26484, 25, 5765, 286, 16363, 2348, 26599, 29201, 17336, 329, 6375, 44, 16855, 13]",0.5,3809,ml_signal,367,Use of SQLAlchemy Column definitions for ORM mapping.,,3790,    #: æŠ•èµ„æ€§æˆ¿åœ°äº§,"[220, 220, 220, 1303, 25, 10545, 232, 243, 164, 113, 226, 45250, 100, 22755, 123, 28839, 108, 12859, 100]"
ğŸ§  ML Signal: Use of SQLAlchemy Column definitions for ORM mapping.,"[8582, 100, 254, 10373, 26484, 25, 5765, 286, 16363, 2348, 26599, 29201, 17336, 329, 6375, 44, 16855, 13]",0.5,3828,ml_signal,367,Use of SQLAlchemy Column definitions for ORM mapping.,,3809,    #: æŠ•èµ„æ€§æˆ¿åœ°äº§,"[220, 220, 220, 1303, 25, 10545, 232, 243, 164, 113, 226, 45250, 100, 22755, 123, 28839, 108, 12859, 100]"
ğŸ§  ML Signal: Use of SQLAlchemy Column definitions for ORM mapping.,"[8582, 100, 254, 10373, 26484, 25, 5765, 286, 16363, 2348, 26599, 29201, 17336, 329, 6375, 44, 16855, 13]",0.5,3847,ml_signal,367,Use of SQLAlchemy Column definitions for ORM mapping.,,3828,    #: æŠ•èµ„æ€§æˆ¿åœ°äº§,"[220, 220, 220, 1303, 25, 10545, 232, 243, 164, 113, 226, 45250, 100, 22755, 123, 28839, 108, 12859, 100]"
âš ï¸ SAST Risk (Low): Ensure that the register_schema function is used securely and validate inputs.,"[158, 248, 254, 37929, 311, 11262, 19602, 357, 20535, 2599, 48987, 326, 262, 7881, 62, 15952, 2611, 2163, 318, 973, 30835, 290, 26571, 17311, 13]",0.5,3866,sast_risk,367,Ensure that the register_schema function is used securely and validate inputs.,Low,3847,    #: æŠ•èµ„æ€§æˆ¿åœ°äº§,"[220, 220, 220, 1303, 25, 10545, 232, 243, 164, 113, 226, 45250, 100, 22755, 123, 28839, 108, 12859, 100]"
ğŸ§  ML Signal: Use of __all__ to define public API of the module.,"[8582, 100, 254, 10373, 26484, 25, 5765, 286, 11593, 439, 834, 284, 8160, 1171, 7824, 286, 262, 8265, 13]",0.5,3885,ml_signal,367,Use of __all__ to define public API of the module.,,3866,    #: æŠ•èµ„æ€§æˆ¿åœ°äº§,"[220, 220, 220, 1303, 25, 10545, 232, 243, 164, 113, 226, 45250, 100, 22755, 123, 28839, 108, 12859, 100]"
